296.97595,132.49498,303.49115,123.80809,292.6325,125.97981,318.69318,128.15154,290.46082,132.49498,340.4104,173.7577,279.60217,171.58598,351.26904,225.87904,270.91528,225.87904,355.6125,280.17212,260.0567,271.48523,320.86493,271.48523,281.77393,271.48523,331.7235,351.83893,286.11737,347.49548,338.2387,419.16235,288.28906,406.13202
296.2343,130.2913,302.74622,123.77938,291.893,123.77938,317.94073,128.12067,289.72238,130.2913,339.64716,173.70415,281.0398,173.70415,350.50037,225.79956,270.18658,225.79956,354.84164,280.0656,259.33337,271.38306,320.11136,271.38306,281.0398,271.38306,330.96457,351.6968,285.3811,347.35553,339.64716,418.98672,287.55173,405.96286
297.45193,130.79597,303.94833,124.29957,293.12097,124.29957,319.1066,128.63051,288.79004,130.79597,340.7613,174.10535,280.12817,171.93988,349.42316,226.07658,271.4663,226.07658,353.7541,278.04782,256.308,271.55142,321.27206,271.55142,282.29364,271.55142,332.09943,351.67377,286.62457,347.3428,338.59583,418.80328,286.62457,405.81046
297.20486,129.72578,303.72824,123.20243,292.856,125.376884,318.94937,129.72578,290.68152,131.90024,340.69388,173.2148,279.80927,173.2148,349.3917,225.40161,271.11148,225.40161,355.91504,279.76288,255.89032,268.89062,321.12384,271.06506,281.98373,271.06506,331.9961,351.51974,286.3326,347.17084,338.51944,418.9277,288.50708,405.881
296.92706,130.41672,303.45645,123.88733,292.57416,123.88733,318.69168,128.24025,290.39767,130.41672,340.45633,173.94597,281.69183,171.7695,351.33862,226.18108,270.8095,226.18108,355.69156,278.41617,257.75073,269.71033,320.86816,271.88678,281.69183,271.88678,331.75046,352.4159,286.04477,348.063,338.27985,417.70978,288.22122,404.651
297.23898,130.1801,303.75967,123.65941,292.89185,123.65941,318.9746,130.1801,290.71826,130.1801,340.71027,173.65138,279.85046,173.65138,351.57806,225.81693,271.1562,225.81693,358.09875,277.98248,253.76768,269.2882,321.14816,271.4618,282.02402,271.4618,332.016,351.88367,286.37115,347.53653,338.53668,419.26416,288.5447,406.22278
297.19534,129.38492,303.61462,122.96567,292.91586,125.10542,320.73264,129.38492,290.7761,131.52467,339.99042,174.31973,280.07733,172.17998,352.82892,225.6738,269.37857,223.53404,363.52768,277.02786,247.98105,262.0496,320.73264,272.74835,282.2171,272.74835,331.4314,351.91922,286.49658,347.6397,339.99042,418.25153,286.49658,405.41302
297.69516,129.35963,304.18475,122.87005,293.36877,125.03325,319.32712,129.35963,291.20557,131.52284,340.9591,174.78677,280.3896,172.62358,356.10147,222.3771,267.4104,220.21391,369.08066,274.29382,241.45204,254.82506,321.49033,272.13065,282.55276,272.13065,332.3063,352.1689,284.71597,350.00574,338.7959,419.22803,286.87918,406.24884
296.78412,131.264,305.5034,122.54474,292.4245,124.724556,320.7621,129.08418,290.24466,131.264,340.38043,172.6805,281.52542,172.6805,359.99878,220.63644,266.2667,216.27681,379.61713,270.77222,235.74928,244.61443,322.94193,270.77222,283.70523,270.77222,331.66116,351.42538,285.88504,347.06577,338.20062,416.81985,288.06485,403.74097
296.49286,129.95657,305.02585,123.55683,292.22635,125.69008,319.9586,129.95657,290.0931,129.95657,341.29108,172.62157,281.56012,172.62157,362.6236,219.55305,260.22763,215.28654,392.48907,260.08478,226.09563,232.35254,322.09186,272.88428,283.69336,272.88428,330.62485,351.8145,285.8266,347.548,339.15784,417.94522,287.95987,405.14575
296.24448,130.96489,304.71747,124.61015,294.12625,124.61015,321.66342,128.84665,289.88977,130.96489,340.72763,173.32977,281.41678,171.21153,368.2648,213.57642,255.99785,209.33992,400.03845,243.23183,211.51472,219.93114,321.66342,272.88724,283.53503,272.88724,332.25464,351.26227,287.7715,347.0258,338.60938,419.04608,287.7715,406.33664
297.70728,131.70206,304.2638,125.145515,293.33624,125.145515,319.56238,129.51654,288.9652,131.70206,339.23196,171.04124,280.22318,171.04124,369.82913,206.00941,247.44052,206.00941,400.42627,219.12248,208.10132,206.00941,321.7479,273.76025,282.4087,271.57474,330.48993,350.25314,286.77972,348.06763,339.23196,418.00397,286.77972,404.8909
297.54263,132.9761,304.10443,126.41431,293.1681,126.41431,319.4153,130.78885,290.98083,130.78885,339.1007,170.15964,280.0445,170.15964,376.28424,200.78137,242.86098,196.40685,406.90598,194.21957,196.92838,181.09598,321.60257,272.96118,284.41904,272.96118,332.5389,349.5155,284.41904,347.32825,339.1007,417.32077,286.6063,404.19717
296.81906,132.73328,303.2596,126.292725,292.52536,128.43958,320.43442,130.58643,290.3785,132.73328,339.75607,169.22974,279.64426,169.22974,378.39938,190.69824,238.8541,186.40454,402.01474,171.37659,204.50449,162.78918,320.43442,274.4254,283.93796,272.27856,331.16867,349.5652,286.0848,347.41833,339.75607,416.11755,288.23166,405.3833
296.21146,135.38013,302.70267,128.88893,291.884,128.88893,320.01254,133.2164,289.72028,133.2164,337.3224,169.99986,278.9016,169.99986,382.76077,178.65479,237.79068,176.49106,402.23438,144.03506,207.49841,148.36253,320.01254,271.6953,283.22906,271.6953,330.8312,349.5897,285.3928,347.42596,339.4861,418.82913,287.55655,405.84674
295.91785,134.75769,302.58105,128.09451,291.47574,130.31557,320.34955,132.53664,289.25467,132.53664,338.11804,168.07362,278.14935,168.07362,384.76035,163.6315,235.94917,163.6315,395.86566,123.65238,211.5175,134.75769,320.34955,274.6846,282.5915,272.46353,329.2338,350.2007,284.81256,347.97964,338.11804,416.83258,287.0336,405.72726
294.83057,138.22221,304.00043,131.34482,290.24564,131.34482,320.0477,133.63728,285.66068,135.92975,338.38742,168.02428,278.7833,165.73181,381.9443,149.68456,235.22643,154.26949,391.11417,108.42015,216.88669,122.17495,320.0477,273.47775,283.36823,271.18527,331.51,351.42163,285.66068,349.12915,338.38742,417.90317,287.95316,404.14835
294.33755,138.41368,303.60605,131.4623,289.7033,133.77942,319.82596,136.09656,285.06903,136.09656,336.04587,166.21922,278.11765,163.9021,377.75418,138.41368,236.40935,143.04794,384.70557,89.75399,220.18944,108.291016,319.82596,275.12424,282.75192,272.80713,329.09448,351.58948,285.06903,349.27237,338.36298,418.7862,287.38617,404.88342
295.8812,140.37456,300.72644,133.10667,291.03592,135.5293,317.68484,135.5293,286.19067,137.95193,334.64325,167.02347,278.9228,162.1782,370.98267,133.10667,240.16074,135.5293,378.25055,79.80885,225.62497,96.76725,317.68484,276.04175,281.34543,273.6191,329.79797,353.56583,283.76804,348.72058,339.4885,416.55417,286.19067,404.44104
293.03473,140.11978,300.02588,135.45903,288.37396,135.45903,316.33853,135.45903,283.71323,137.7894,332.65118,168.08435,279.05246,163.42358,365.27652,123.80712,246.42714,128.46788,367.6069,72.53876,232.44485,84.19066,318.6689,275.28183,281.38284,272.95145,330.32083,352.1844,283.71323,347.52362,339.64233,417.43503,288.37396,405.7831
291.11548,142.2988,300.40356,135.33273,288.79346,135.33273,316.65768,137.65475,284.1494,137.65475,332.91183,165.51898,279.5054,160.87494,360.77606,119.0786,249.31914,123.72263,360.77606,65.67215,235.38702,72.638214,316.65768,274.6539,279.5054,272.33188,330.5898,351.28055,284.1494,348.95853,337.55588,418.6191,286.47144,404.68698
291.31534,142.43773,298.72934,137.49507,286.37268,137.49507,313.5573,137.49507,278.9587,137.49507,330.85663,164.67969,278.9587,159.73703,353.09857,115.2531,251.77408,120.19576,353.09857,63.355183,239.41742,68.297844,316.02863,273.41818,278.9587,270.94684,328.38528,352.50073,283.90137,347.55807,338.2706,416.75528,286.37268,406.86996
290.84915,143.08119,298.13968,138.22084,283.55862,138.22084,312.72073,135.79066,278.69827,138.22084,329.73196,164.95279,278.69827,160.09242,349.17337,111.48891,254.39651,121.20962,346.7432,58.02504,247.10599,65.31557,315.1509,274.3107,278.69827,271.88052,327.3018,352.07632,283.55862,347.21597,339.45267,417.69107,285.9888,405.5402
287.17014,144.00902,294.7572,136.42195,282.1121,136.42195,309.9313,136.42195,277.05405,138.95097,327.63446,164.2412,277.05405,159.18315,345.33762,108.60272,256.82187,118.71881,340.27957,58.022293,249.2348,65.60936,314.98935,272.9891,277.05405,267.93106,327.63446,353.9178,282.1121,348.85974,337.75055,417.14334,287.17014,407.02725
285.99792,143.7496,293.76492,135.9826,280.81992,138.57161,309.29892,138.57161,275.64194,138.57161,324.83292,164.46161,275.64194,161.8726,340.3669,110.092606,257.51892,120.4486,332.5999,53.13461,257.51892,68.66861,314.47693,273.1996,278.23093,268.0216,327.42194,353.4586,280.81992,348.28058,337.77792,415.59457,285.99792,405.2386
284.35788,144.57547,291.61447,137.31886,279.52014,137.31886,308.54657,137.31886,277.10126,139.73773,325.47864,163.92642,274.6824,161.50755,339.99188,108.29242,260.16916,120.38677,327.89752,55.07729,257.7503,64.75277,310.96542,270.3567,277.10126,270.3567,323.05978,352.59827,279.52014,347.76053,337.573,415.48886,286.77673,405.8134
283.80014,143.09055,291.1888,135.70189,278.87436,138.16478,305.96613,138.16478,276.4115,138.16478,323.20633,165.25652,273.9486,160.33075,337.98364,106.147255,259.1713,120.92457,325.66922,54.426643,259.1713,64.27819,310.89188,271.1606,276.4115,271.1606,320.74344,349.973,281.33725,347.5101,335.52075,416.47092,286.26303,406.61935
281.91965,143.29062,289.07965,138.51729,277.1463,138.51729,305.78632,136.13062,274.75964,138.51729,322.49298,164.77063,272.37296,159.99728,336.813,105.103935,258.05295,117.03728,324.87964,54.98392,262.8263,62.14392,310.55963,269.784,274.75964,269.784,320.10632,350.9307,279.53296,348.544,332.03964,412.98404,286.69296,405.82404
282.39102,145.44037,289.84232,137.98906,277.42346,137.98906,304.74493,137.98906,272.45593,140.47282,324.6151,162.82675,272.45593,162.82675,334.55017,108.18382,257.5533,123.08644,324.6151,56.024666,260.03708,63.475975,312.19626,269.62885,274.9397,269.62885,319.64755,351.59323,279.90726,346.6257,329.58264,413.68747,287.35855,406.23618
282.2774,145.22227,289.71515,137.78455,277.3189,140.2638,304.5906,137.78455,274.83966,140.2638,324.42456,165.05623,272.3604,162.57698,336.82077,105.55437,257.48495,122.90907,324.42456,53.49023,257.48495,68.3657,312.02832,269.1845,274.83966,269.1845,321.9453,350.99957,279.79816,348.52032,331.8623,415.45993,287.2359,405.54294
282.6224,146.06447,289.97095,136.26645,277.72342,138.71596,304.66797,136.26645,272.8244,138.71596,324.264,165.6605,272.8244,160.7615,336.51154,106.872375,255.67786,116.6704,326.71353,57.882263,258.12735,62.781273,312.01648,270.98926,275.2739,268.53976,324.264,351.82294,280.1729,346.92395,331.61255,417.9596,287.52142,405.71207
280.94675,146.20274,288.14612,139.00337,276.1472,139.00337,304.94467,139.00337,273.74738,141.40317,324.143,163.00128,273.74738,163.00128,336.14194,105.4063,254.54906,119.805046,324.143,55.010693,256.94885,67.00965,312.14404,270.99188,276.1472,268.59207,324.143,350.18497,280.94675,347.7852,331.34238,417.37912,285.74634,405.38016
280.26062,146.49591,287.69693,139.0596,275.30307,139.0596,305.04834,136.58083,272.8243,139.0596,322.39975,163.84732,272.8243,161.36855,334.7936,106.83556,255.4729,116.75065,324.8785,57.26013,252.99414,64.69645,312.48465,270.43448,277.78186,267.95572,324.8785,349.7552,280.26062,347.27643,332.31482,416.682,285.21817,406.76694
280.96545,146.47375,288.24173,139.19745,276.11456,139.19745,302.79434,136.77202,271.2637,139.19745,322.1978,165.87721,271.2637,161.02635,334.32495,107.666824,254.28568,117.36856,322.1978,56.73274,251.86024,61.583603,314.9215,270.17084,278.54,267.7454,324.62323,350.2101,283.39087,345.35925,331.89954,415.6968,285.8163,405.99506
280.12704,149.31314,287.05234,142.38785,275.5102,142.38785,303.2113,137.771,268.58493,142.38785,323.98715,163.1637,270.89334,160.85526,333.22086,107.76147,252.42593,114.686745,319.3703,56.976097,247.80908,59.284523,314.75345,271.6597,280.12704,269.3513,323.98715,350.14618,282.4355,347.83777,330.9124,417.09055,287.05234,405.5484
278.33148,149.09406,285.4567,144.3439,273.58136,144.3439,302.0822,139.59377,268.8312,141.96883,323.45786,165.71956,271.20627,163.34448,330.58307,111.0929,249.83063,118.21812,316.33264,61.216393,242.70541,63.59146,316.33264,270.22272,280.70657,267.84766,325.83292,348.6001,283.08163,346.225,330.58307,417.47717,287.8318,405.6018
278.89474,154.42699,283.66135,147.27711,271.74487,147.27711,300.3444,140.12724,266.9783,144.89381,321.794,166.34344,269.36157,161.57686,328.94388,116.29432,247.91196,118.67761,312.26083,68.62848,238.37878,66.245186,317.02744,271.20828,281.27805,268.825,326.56058,349.85693,283.66135,345.09033,331.32718,416.58908,286.04462,404.67264
278.5647,157.25616,283.19592,150.30933,271.61783,150.30933,299.4052,143.36247,266.9866,147.99371,320.24576,166.51863,266.9866,164.20302,324.87698,120.20633,243.83046,122.52195,310.98328,83.156494,232.2524,76.209656,320.24576,270.72128,283.19592,270.72128,327.1926,349.45218,283.19592,344.82095,331.82382,414.2894,287.82715,405.02695
276.00827,159.92395,280.4952,153.19354,271.52133,155.43701,296.1995,146.46315,264.79092,150.95009,320.87766,168.89783,267.0344,168.89783,320.87766,128.5154,240.11278,130.75887,307.41684,92.6199,224.40851,83.64603,320.87766,267.61044,284.98215,267.61044,329.85153,348.3753,284.98215,343.88837,332.095,415.67935,287.22562,404.462
277.5736,168.21846,282.09085,161.44257,270.7977,163.7012,295.64264,152.40805,264.02182,156.92531,320.48758,170.4771,264.02182,168.21846,318.22894,136.59764,239.17688,136.59764,300.1599,102.71818,221.10783,104.97681,322.74622,272.11548,286.60812,269.85684,329.5221,348.9089,286.60812,344.39163,331.78073,416.66782,286.60812,405.37466
275.1825,170.08546,277.4699,163.22318,268.3202,165.5106,293.48193,154.07346,259.17047,156.36089,320.9311,170.08546,263.74533,170.08546,318.64368,154.07346,236.29616,151.78603,295.76938,117.47456,215.70929,122.04942,325.50598,270.73242,288.90707,268.445,330.08084,346.21765,286.61963,343.9302,332.36826,417.128,288.90707,405.69086
263.8195,163.11235,269.9391,154.9529,259.73978,156.99275,284.21817,154.9529,255.66003,156.99275,316.85602,175.35156,265.85938,177.39142,325.0155,177.39142,233.2215,165.15222,288.29788,144.75356,208.7431,136.59409,327.05536,269.18542,290.33777,269.18542,331.1351,346.70035,288.29788,342.6206,333.17496,416.05582,288.29788,405.85648
261.3082,171.60973,266.5503,166.36761,259.56082,168.11497,287.51874,166.36761,268.29767,166.36761,317.22406,183.84132,266.5503,183.84132,322.4662,180.34657,229.8555,176.85184,275.28714,169.86235,194.90808,155.88338,329.45566,272.95724,292.76086,272.95724,332.9504,346.34683,289.2661,341.10474,331.20303,419.73645,287.51874,405.75748
251.81894,188.06433,253.56693,181.0724,250.07095,182.82039,265.8028,177.57645,267.55078,175.82846,316.49426,188.06433,265.8028,193.30827,311.2503,195.05626,274.5427,233.51186,264.0548,198.55222,288.52655,261.47955,330.47812,271.96744,293.7705,273.71542,332.2261,345.38266,290.27454,340.13873,332.2261,418.7979,286.77856,404.81406
257.19696,201.759,258.8914,194.98132,257.19696,194.98132,275.83557,189.89807,258.8914,193.28691,314.8072,194.98132,267.36346,205.14784,306.3351,211.9255,238.55836,217.00876,265.66907,215.31435,247.03046,189.89807,331.75137,269.53574,296.1686,269.53574,331.75137,345.78458,289.39093,340.70132,331.75137,418.6446,287.6965,405.08923
260.7629,215.29242,262.33292,209.0124,259.1929,213.72241,279.60294,196.45238,254.4829,202.73239,314.143,202.73239,254.4829,202.73239,301.58298,232.56245,229.36284,226.28244,262.33292,249.83249,204.2428,249.83249,332.98306,268.67252,296.873,267.1025,332.98306,344.03265,290.59296,337.75266,332.98306,417.8228,287.45297,405.2628
255.87265,230.73094,257.4678,224.35028,252.68231,224.35028,271.82428,213.18413,249.49199,213.18413,311.7034,213.18413,249.49199,209.9938,297.34692,256.25357,230.35002,245.08742,255.87265,286.5617,203.23222,273.80038,334.0357,273.80038,298.94208,273.80038,334.0357,345.5828,290.96628,340.79727,332.44055,418.96033,287.77594,404.60385
254.98013,245.3558,258.1439,239.02826,251.81638,240.61015,267.6352,229.53697,247.07072,229.53697,311.92795,221.62755,250.23448,221.62755,297.69098,272.2478,229.67,262.75653,262.88956,308.63113,209.10551,297.55795,332.49243,270.66592,302.43665,270.66592,334.0743,343.43256,291.36346,340.2688,332.49243,417.7811,288.19968,405.126
253.71356,255.90901,256.64893,250.03827,249.31052,251.50595,269.8581,244.16753,249.31052,242.69984,310.95328,230.95836,249.31052,232.42606,299.2118,291.13345,231.69829,277.9243,268.3904,329.29327,212.61838,326.35788,334.43625,272.05356,300.67947,272.05356,331.5009,342.50244,293.34106,339.56705,332.96857,417.35437,287.47034,405.61288
258.7877,183.6796,265.6358,176.83148,253.46138,176.83148,286.94104,179.87509,248.13507,183.6796,310.52896,227.81186,251.17867,221.72466,295.31094,285.64035,231.39525,270.42233,270.9621,316.0764,211.61182,313.03278,334.8778,270.42233,301.39813,273.4659,334.8778,341.94702,293.78912,338.9034,331.8342,418.03714,287.70193,405.86273
256.98322,222.30502,260.22513,215.82123,255.36227,215.82123,274.8137,207.71646,253.74132,206.0955,310.47464,215.82123,256.98322,214.20027,294.2651,264.44977,231.04799,251.48216,256.98322,298.48978,209.97562,285.52216,333.16797,272.55453,300.74893,274.1755,334.7889,343.87643,294.2651,339.01358,333.16797,418.44022,287.7813,403.85165
264.7666,212.17502,268.06378,207.22923,261.4694,207.22923,282.90112,197.33768,256.52362,200.63486,314.2244,205.58064,259.8208,203.93205,296.08987,243.49829,233.44331,227.01236,254.87503,263.2814,207.06583,256.68704,334.0075,269.8758,297.73846,269.8758,334.0075,342.4139,292.7927,339.1167,332.35892,416.60062,287.8469,403.41187
270.1313,195.7899,273.6758,188.70087,263.04227,190.47313,287.85388,181.61183,254.18097,186.9286,316.21002,194.01764,261.27,195.7899,303.8042,217.057,229.36934,215.28474,266.58676,222.37378,190.37965,231.23508,330.3881,275.54153,294.9429,275.54153,333.93262,344.65964,291.3984,339.34286,332.16034,417.32224,287.85388,404.91644
259.5465,175.58652,263.36646,169.85661,259.5465,171.76659,278.64618,167.94666,293.92593,164.12671,318.75552,185.13637,269.09634,192.77623,313.0256,190.86627,274.82626,232.88556,269.09634,188.9563,251.90665,183.2264,330.21533,274.90485,293.92593,272.99487,332.1253,345.57367,290.106,341.75372,332.1253,416.24246,288.19604,404.78265
265.94223,158.44426,267.9242,150.51643,265.94223,152.49838,285.7618,150.51643,263.9603,152.49838,321.43704,176.28188,265.94223,176.28188,325.40094,176.28188,232.24898,174.29991,273.87006,168.35405,198.55571,158.44426,327.3829,271.4158,291.70767,271.4158,331.34683,346.73016,289.72574,342.76627,331.34683,416.09866,287.74377,404.2069
279.28763,157.69768,285.44186,149.49203,275.1848,151.54344,305.95593,145.38922,273.1334,149.49203,322.36722,172.05753,269.03058,172.05753,328.52145,170.00612,236.20804,161.80049,287.49326,147.44063,209.53972,137.18358,326.47003,268.47375,289.54468,266.42233,330.57285,348.4787,289.54468,342.3245,332.62427,416.1752,287.49326,405.91815
279.16016,150.37015,285.94473,143.58556,272.37555,143.58556,301.77545,143.58556,270.114,143.58556,322.1292,170.72392,270.114,166.20085,331.17532,163.93933,238.4526,150.37015,297.25238,125.49332,220.36035,125.49332,322.1292,267.96973,288.20627,267.96973,328.91382,347.12326,288.20627,342.60022,331.17532,417.2307,288.20627,405.92307
280.34625,143.71793,289.47943,136.86806,275.7797,136.86806,305.46243,139.15135,271.2131,139.15135,323.72876,166.55083,271.2131,164.26753,321.44547,136.86806,243.81364,139.15135,298.61258,100.335434,225.54732,107.1853,321.44547,269.29883,287.19614,269.29883,328.29535,346.93066,287.19614,344.64737,332.8619,415.42935,287.19614,404.01288
285.35028,140.22786,292.4509,133.12723,280.61652,133.12723,306.65216,135.49411,275.88275,135.49411,325.5872,166.2635,271.14902,163.89664,325.5872,126.026596,245.11336,133.12723,306.65216,90.52343,228.54521,85.78967,320.85342,268.03925,282.9834,265.67236,327.95407,348.51306,285.35028,346.1462,332.68784,414.78564,287.71716,405.31815
287.6246,135.68056,295.17044,128.13472,282.59406,130.65001,310.26212,133.16528,277.56348,133.16528,325.3538,163.34862,272.53293,160.83334,327.86905,118.07361,249.89543,120.58889,315.29266,75.31388,239.83432,70.283325,317.80795,271.50558,282.59406,268.9903,325.3538,349.47922,282.59406,344.44867,330.38434,417.39172,287.6246,407.33063
289.62305,133.57477,297.16742,126.03036,284.59344,128.54517,312.25623,131.05997,279.56384,133.57477,327.34503,163.75237,274.53424,161.23756,334.88943,110.94156,254.41582,118.485954,317.28583,70.70474,246.87141,63.16034,317.28583,271.8888,279.56384,269.374,324.83023,349.84763,282.07864,344.81802,329.85983,417.74725,287.10825,405.17325
291.31833,133.11562,298.95142,128.02692,286.22964,128.02692,314.21753,130.57126,281.14093,133.11562,329.48367,161.10352,276.05222,158.55916,337.11673,110.21643,255.69739,115.30514,321.8506,66.9624,255.69739,64.41805,316.7619,270.51074,278.59656,267.9664,324.39496,349.38574,281.14093,344.29703,332.028,415.53894,286.22964,405.36154
292.986,134.32634,300.63058,126.68176,287.88962,126.68176,315.9197,131.77815,282.79324,134.32634,331.20886,164.90462,277.69687,159.80823,341.4016,108.84444,259.85953,116.489006,328.66068,60.428825,262.4077,60.428825,315.9197,271.9286,280.24506,269.3804,323.56427,350.9225,282.79324,345.8261,331.20886,414.62723,285.34143,406.98267
295.2787,133.69107,302.81717,126.15259,290.25305,128.6654,315.38132,131.17824,282.71457,133.69107,330.45825,163.84497,277.6889,161.33215,343.0224,111.07563,262.61197,116.10128,330.45825,58.306286,265.1248,68.35759,312.86847,274.4093,277.6889,271.89648,325.43262,349.7941,282.71457,347.28125,330.45825,415.12756,287.7402,405.07626
296.66403,132.18082,304.57077,126.909645,291.39285,126.909645,317.74872,132.18082,286.12167,134.8164,330.92667,163.80788,278.2149,161.17229,344.10458,111.09612,265.037,116.367294,333.56226,61.01996,270.30814,66.29113,315.11313,271.86694,278.2149,269.23135,323.0199,350.93457,280.8505,348.29898,330.92667,416.82428,286.12167,406.28192
297.2567,134.19522,305.051,126.40095,292.06055,128.99904,318.04147,134.19522,284.26624,134.19522,331.03192,165.37234,279.07007,160.17616,346.62048,110.812386,263.4815,116.00857,333.63004,61.448605,271.2758,66.64479,312.84528,274.49228,276.472,271.8942,323.23767,352.4351,281.66815,347.2389,331.03192,414.78934,286.86435,406.99506
296.47342,134.89268,304.1067,127.25944,291.38458,129.80385,319.37317,132.34827,286.29578,137.4371,332.09528,165.42569,278.6625,160.33685,347.36176,109.44852,263.39603,117.08177,334.63968,56.01577,271.02927,66.193436,314.28436,274.8356,276.1181,269.74677,324.462,353.71252,281.20694,348.6237,332.09528,417.32294,286.29578,407.14526
297.42072,132.88068,305.0958,125.205605,292.30402,127.76396,320.44592,132.88068,284.62894,135.43903,330.67935,166.1393,279.51224,161.02258,346.02948,112.413826,264.1621,114.97218,335.79608,58.688354,269.2788,66.36342,312.77087,273.59024,274.39554,271.0319,323.0043,352.89926,279.51224,347.78256,330.67935,416.85815,287.18732,406.62473
296.5668,133.01353,304.33746,125.242874,291.38638,127.83309,319.87878,133.01353,286.20593,135.60374,330.23965,164.09616,278.43527,161.50594,345.78098,109.70156,262.89395,114.881996,332.82986,60.4874,270.6646,63.077618,312.10812,272.88535,275.84506,272.88535,322.469,353.18213,281.0255,348.00168,330.23965,415.34738,286.20593,404.9865
295.66367,133.02754,303.44037,125.25084,290.4792,127.84307,316.40155,133.02754,285.29474,133.02754,329.36273,164.13437,277.518,158.9499,342.3239,112.28966,261.9646,117.47413,331.95496,60.444946,264.55685,68.22166,313.80933,273.00827,277.518,270.41602,321.58603,350.77533,280.11026,348.1831,329.36273,415.5812,285.29474,405.21228
294.29117,132.30408,301.72668,127.34708,289.3342,127.34708,316.59766,132.30408,284.3772,132.30408,328.99014,164.52454,276.9417,162.04605,341.38263,109.99759,259.59222,114.95459,328.99014,60.427635,262.0707,62.90613,314.11917,271.09995,279.4202,271.09995,324.03314,350.41187,281.89868,347.93338,331.46866,414.8528,286.85568,404.93884
291.0984,133.09735,298.60217,125.59359,286.0959,128.09485,313.60968,130.5961,281.09338,133.09735,328.61722,163.11243,276.09085,160.61118,338.62225,110.58605,256.0808,115.58856,326.11597,60.560936,256.0808,63.06219,316.11096,270.66644,278.5921,268.16516,323.61472,350.7066,281.09338,348.20535,331.1185,415.73926,286.0959,405.73425
289.9953,134.0879,297.39056,126.69263,285.06512,129.15771,312.18112,131.6228,275.20474,134.0879,326.97165,163.66899,275.20474,161.2039,334.36694,111.90208,255.48402,116.83226,319.5764,65.065346,250.55383,65.065346,317.1113,272.133,280.13492,269.6679,324.50656,351.0159,282.6,348.5508,331.90186,415.10828,287.5302,405.24792
287.8373,139.1054,295.22906,131.71365,280.4456,131.71365,310.0125,134.17757,273.05386,136.64148,327.2599,163.74449,273.05386,161.28058,329.7238,116.93019,250.87868,119.394104,312.47644,67.65199,241.02303,65.18808,317.40424,272.15652,280.4456,269.69263,327.2599,351.00168,282.90952,346.07385,329.7238,417.52725,287.8373,405.2077
283.78543,144.15167,291.15924,136.77788,278.86957,136.77788,308.36478,136.77788,273.95367,139.23581,325.5703,166.2731,271.49576,163.81516,325.5703,124.4882,246.9164,124.4882,313.28064,90.07711,234.62672,75.3295,318.19653,269.50638,283.78543,269.50638,325.5703,348.1603,283.78543,345.70236,330.4862,414.52454,286.24338,404.6928
279.32285,148.93379,286.33353,141.92311,274.64908,141.92311,305.02866,139.58623,269.97528,144.26001,323.7238,167.62892,269.97528,167.62892,321.3869,127.901764,244.26949,134.91245,298.01797,85.83772,230.24814,90.511505,321.3869,268.11523,283.99664,268.11523,328.39755,349.90643,286.33353,345.23264,333.07135,415.3394,286.33353,405.99182
279.98773,156.09293,284.71762,148.99811,272.89294,151.36305,301.2722,144.26823,270.52798,148.99811,324.92154,167.9176,268.16306,167.9176,317.82672,137.17343,242.14876,144.26823,294.17737,106.429245,225.5942,113.524055,322.5566,269.6099,287.08255,267.24496,329.65143,347.65283,287.08255,342.92294,332.01636,416.236,287.08255,404.41132
272.65567,161.60196,279.17935,157.25284,270.4811,157.25284,294.4013,144.20546,266.13196,146.38002,322.67062,170.30022,268.30652,172.47478,318.3215,155.07828,237.86264,152.9037,285.70303,122.459816,220.46614,124.634384,324.84518,270.33014,287.8776,270.33014,331.36887,346.43985,287.8776,344.2653,331.36887,416.02588,287.8776,405.15308
266.68503,157.62547,272.28967,152.02083,266.68503,152.02083,289.10358,153.88904,268.55325,153.88904,318.995,176.3076,266.68503,178.17581,324.59964,172.57117,234.9254,166.96654,277.89432,150.15262,212.50685,144.54797,328.33606,271.58646,290.9718,271.58646,330.20425,346.31497,289.10358,340.71036,332.07248,417.30707,287.23538,406.0978
265.35144,169.32265,269.07138,163.74274,261.6315,165.6027,283.95114,161.88277,261.6315,163.74274,315.57065,180.48247,265.35144,186.06238,321.15054,178.6225,233.73195,180.48247,269.07138,178.6225,202.11246,167.46268,328.59042,273.481,293.251,273.481,334.17035,346.0198,289.53107,342.29987,332.31036,418.55865,287.67108,405.53888
255.79362,186.43115,259.2752,181.20879,255.79362,181.20879,271.46072,175.98643,273.2015,172.50485,316.72122,186.43115,271.46072,195.1351,308.01727,196.87589,283.64624,235.17323,267.97913,196.87589,280.16467,245.61797,330.64752,271.7298,295.83176,275.21136,334.1291,344.84293,290.60938,341.36133,332.3883,417.95602,287.1278,404.02972
267.28104,205.04022,267.28104,194.95107,263.918,199.99564,280.73325,188.22496,260.55493,198.31412,314.3638,196.63258,272.32562,205.04022,299.23004,220.17397,240.37662,210.08481,253.82883,225.21854,245.4212,193.26953,331.17905,268.93823,295.867,272.3013,334.5421,344.60693,290.82242,339.56235,332.8606,416.91257,287.45935,405.14188
265.8038,178.50282,273.47333,173.9011,261.20206,175.435,282.67682,180.03673,251.9986,181.57065,311.8211,206.11322,253.5325,204.5793,291.88028,241.39316,228.98993,230.65578,255.06642,259.80008,202.91345,259.80008,333.29584,269.00354,296.482,269.00354,333.29584,342.63126,291.88028,339.56342,331.76193,417.79288,287.27853,405.52158
256.52823,233.25069,258.13895,228.41853,251.69608,228.41853,272.63547,217.14346,251.69608,217.14346,311.2928,215.53275,251.69608,215.53275,293.57486,262.24368,229.14595,250.96864,251.69608,296.06888,201.76367,283.18307,333.84293,273.51877,298.407,276.7402,333.84293,344.39053,291.96414,339.55838,332.23218,418.48376,288.74268,405.598
253.63948,246.99242,258.22614,242.40578,252.11061,242.40578,267.39938,230.17474,247.52397,233.2325,311.73688,225.5881,247.52397,227.11699,296.4481,277.57,229.17741,265.33896,256.69724,320.3786,207.77312,302.03204,334.67007,271.45447,301.03473,271.45447,333.14117,343.3118,291.86145,340.25403,331.6123,418.22687,287.2748,405.99582
278.2852,227.16237,278.2852,222.38103,273.50385,222.38103,287.8479,216.00589,273.50385,220.78725,310.16086,231.94373,246.40952,236.72508,297.41058,295.69507,230.47168,282.9448,267.1287,338.72723,208.1587,329.16452,334.06763,270.19455,300.59818,270.19455,332.47385,343.50858,292.62924,338.72723,332.47385,418.4164,287.8479,405.66614
253.10327,262.4953,254.48738,256.95883,248.95091,258.34296,266.94443,248.65411,250.33504,250.03824,309.85208,240.34941,246.18268,240.34941,298.77914,305.40292,232.3415,290.17764,275.24915,351.0788,215.7321,344.1582,336.1503,268.03177,302.9315,269.4159,334.7662,341.38998,294.6268,338.62173,331.99796,416.13232,287.7062,405.0594
253.4836,241.96895,254.97107,237.5065,250.50862,237.5065,269.84592,230.06908,249.02113,227.0941,311.49548,228.58159,250.50862,224.11914,295.13315,289.56845,229.68384,270.23117,265.38345,331.21802,210.34654,314.8557,332.32028,270.23117,299.5956,271.71866,333.80777,341.63043,293.64566,338.65546,332.32028,417.49213,287.69574,405.59225
256.55566,219.069,259.71744,212.7455,251.81305,214.32639,283.43057,190.61322,250.23216,193.77498,310.30548,215.90726,253.39392,212.7455,296.07758,268.07617,228.09988,250.68654,261.2983,304.43634,207.5485,287.0467,332.43774,272.81882,299.23935,271.23795,334.01862,345.53915,292.91583,339.21564,332.43774,419.84033,288.17322,404.0316
263.91388,211.89561,268.93365,206.87584,258.8941,206.87584,282.3197,198.50957,252.2011,200.18282,312.4383,203.52933,257.22086,205.20259,295.70575,245.36072,227.10226,231.97467,253.87436,277.1526,208.69646,253.727,332.51736,270.45956,297.379,270.45956,334.1906,344.0828,292.35922,339.06302,332.51736,417.70602,287.33945,404.32
270.35593,197.72548,275.55365,190.79517,263.4256,192.52774,289.4143,183.86484,256.49527,187.33,317.13556,195.9929,261.69302,195.9929,303.27493,220.24902,227.04141,215.05128,268.62332,230.6445,195.85498,228.91193,330.99622,270.49384,294.61203,268.76126,334.46136,343.2622,291.14688,339.79703,330.99622,419.49573,287.6817,403.9025
261.7218,168.21849,265.5827,166.28804,263.65225,160.49666,273.30457,162.42712,296.47006,156.63574,319.6356,183.66217,267.51318,193.31447,315.77466,189.45355,277.16547,243.50642,271.37408,189.45355,302.26144,154.70528,329.2879,274.3938,292.60916,272.46332,333.1488,345.8208,290.67868,341.95987,331.21835,417.2478,286.81778,403.7346
268.54947,156.41695,270.6046,148.19646,264.43924,148.19646,287.0456,148.19646,266.49435,150.25157,321.98273,174.91307,264.43924,174.91307,321.98273,174.91307,231.55724,170.80283,276.77,156.41695,200.73036,150.25157,328.1481,273.55905,289.10074,271.50394,332.25833,347.54355,289.10074,343.4333,332.25833,417.4178,287.0456,405.08704
277.2978,152.92574,283.70062,146.52289,273.0292,146.52289,302.90918,144.3886,270.89493,146.52289,324.252,172.13428,268.76065,172.13428,330.65488,170.0,236.74641,159.32858,285.83493,137.98575,209.00073,131.5829,326.3863,270.3113,287.9692,270.3113,330.65488,347.14548,287.9692,342.87692,332.78915,417.57684,287.9692,404.77115
281.146,148.0722,287.95334,141.26488,274.33865,138.99576,303.83713,143.53398,272.06955,141.26488,321.99002,170.76334,269.80045,166.22511,328.79736,161.68689,238.03285,150.34132,294.76068,125.38109,217.61084,123.11198,324.25912,268.33517,287.95334,268.33517,331.06647,345.485,287.95334,343.21588,331.06647,418.0966,287.95334,404.48193
283.2892,140.8199,292.3516,136.2887,278.75803,134.0231,308.2108,136.2887,274.2268,138.5543,326.33554,168.00706,271.9612,163.47586,321.80435,138.5543,240.24286,140.8199,290.086,90.97676,222.11809,111.367134,321.80435,267.69333,285.5548,267.69333,328.60114,349.25482,285.5548,344.72363,333.13235,417.22275,287.8204,403.62915
287.00983,138.61078,293.89175,131.72885,282.42188,131.72885,309.9496,134.02283,275.53992,134.02283,328.3014,166.13852,273.24594,163.84453,323.71344,127.1409,243.42424,136.3168,296.18573,83.55533,227.36641,95.025215,319.1255,271.66147,284.71585,269.3675,328.3014,349.6567,287.00983,345.06876,332.88937,416.18204,287.00983,404.71216
290.24396,135.33818,297.40207,128.18008,285.4719,128.18008,311.71826,132.95215,278.31378,132.95215,326.0345,166.35664,273.54172,163.97061,328.42053,121.02197,247.29532,125.794044,309.33224,82.84541,235.36516,80.45938,318.87637,268.95615,283.08585,268.95615,328.42053,350.08133,285.4719,345.30927,330.80655,416.89032,285.4719,404.96014
291.39404,132.51889,298.9922,127.453476,286.3286,127.453476,316.72113,129.98618,281.2632,132.51889,326.852,162.9114,273.66507,160.3787,334.4501,117.32263,248.33798,119.85535,316.72113,76.79928,240.73985,71.73386,316.72113,271.81793,281.2632,269.28522,326.852,350.33194,283.79593,345.2665,331.9174,416.18237,288.86133,406.05154
292.20764,133.96265,299.90137,128.83348,287.0785,128.83348,317.85345,131.39807,281.9493,131.39807,330.67636,164.73763,274.25558,159.60846,335.8055,116.01058,251.17435,118.575165,320.41803,74.97729,246.04518,67.28355,317.85345,272.45,279.38474,267.32086,325.54718,349.38745,281.9493,346.82288,330.67636,416.06656,287.0785,405.80823
294.80634,133.67828,302.41992,126.064674,289.7306,126.064674,317.64713,131.14041,282.117,133.67828,330.33646,164.13268,274.5034,161.5948,337.95004,113.37534,254.20047,118.45108,322.72284,72.769485,251.6626,65.15589,317.64713,273.26093,279.57913,270.72305,325.2607,351.93475,282.117,346.85904,330.33646,415.3814,287.19272,405.22995
295.9897,133.66415,303.70544,125.94839,290.84583,125.94839,316.56503,131.09222,283.13007,133.66415,329.42462,164.52718,275.41434,159.38333,342.2842,113.0888,257.4109,118.232635,324.2808,66.79426,257.4109,66.79426,316.56503,272.54776,277.98624,269.97586,324.2808,352.27725,283.13007,347.13342,331.99655,416.57523,285.702,406.28754
295.94394,134.3131,303.7255,126.53155,290.75626,126.53155,319.2886,131.71925,282.9747,134.3131,329.664,165.43929,275.19315,160.25159,342.63324,113.5623,257.03622,116.15615,324.4763,64.27917,262.2239,64.27917,316.69473,271.7871,277.78702,271.7871,324.4763,352.19644,282.9747,349.6026,332.25784,417.0427,288.1624,406.6673
295.05853,133.3661,302.78174,125.642876,292.4841,125.642876,318.2282,133.3661,284.7609,133.3661,331.10025,166.83342,277.03766,161.6846,343.9723,112.77083,259.01678,117.91965,325.95145,63.85705,264.16562,66.43146,315.6538,272.38422,277.03766,272.38422,323.377,352.1909,282.18646,349.6165,331.10025,416.55112,287.3353,406.25348
297.5426,132.82787,305.22607,125.14441,292.4203,125.14441,318.03183,132.82787,284.73685,132.82787,330.8376,166.12285,274.49225,161.00053,343.64334,112.33865,259.12534,117.46095,325.71527,61.115612,264.24762,66.237915,315.47067,273.69122,277.05338,271.13007,323.1541,353.08694,282.1757,350.5258,330.8376,417.11572,287.298,406.87112
294.80054,132.97067,305.19073,125.17804,292.203,125.17804,318.17847,132.97067,284.41037,132.97067,328.56866,166.73878,276.61774,161.54369,344.15393,112.1903,258.4349,117.3854,325.9711,62.83692,263.63,65.43446,315.58093,273.2382,276.61774,273.2382,323.37357,353.76212,281.8128,348.56705,331.1662,416.10324,287.0079,405.71304
294.2006,134.16727,304.507,126.43748,291.624,126.43748,317.38995,134.16727,283.8942,134.16727,330.27295,167.66302,276.16443,162.50983,343.1559,113.5545,258.12823,116.131096,327.69635,62.02257,263.28143,64.59917,314.81335,273.30347,276.16443,273.30347,322.54315,353.17795,281.31763,350.60135,330.27295,415.01627,286.4708,404.7099
294.0153,133.32094,301.94797,125.388245,291.37106,125.388245,315.16913,133.32094,283.43835,133.32094,328.39026,165.05168,275.50568,162.40746,341.61142,112.1671,256.99606,117.45556,325.74603,61.926746,262.28455,67.2152,315.16913,273.46506,275.50568,270.82083,323.1018,352.79193,280.79413,347.50348,331.0345,416.25345,286.0826,405.6765
295.05054,130.971,302.87314,125.75592,289.83548,125.75592,315.91083,130.971,282.01285,133.57854,328.94852,164.86897,274.19025,162.26143,341.9862,112.71824,255.93748,117.93331,323.73346,63.17504,258.545,65.78258,315.91083,271.77798,276.7978,269.17044,321.12592,352.6116,282.01285,347.39655,331.55606,415.1925,287.22794,404.76236
294.07806,130.15207,301.73807,125.04541,288.9714,125.04541,314.50473,130.15207,281.31143,132.7054,327.27136,165.8987,273.65143,160.79204,340.03802,112.278755,253.22478,117.385414,324.71805,66.3188,255.7781,66.3188,314.50473,273.13858,276.20474,270.58527,322.1647,352.29184,281.31143,349.73853,329.8247,416.12512,286.4181,405.9118
289.64093,131.40189,299.99976,126.22247,287.05124,126.22247,312.9483,131.40189,281.87183,131.40189,328.4865,165.06805,271.513,162.47835,336.25565,113.27394,250.79535,118.453354,320.7174,66.65924,253.38506,66.65924,315.538,273.8357,276.6924,268.65628,323.3071,351.52686,281.87183,348.93716,331.07623,416.2695,287.05124,405.91068
289.04578,131.87943,296.61804,124.30717,283.9976,126.83125,314.28668,129.35535,278.94943,131.87943,326.9071,164.6926,271.37714,159.64441,334.47937,114.21081,248.66035,119.25899,314.28668,66.25311,248.66035,66.25311,314.28668,270.70435,276.42532,268.18024,324.38303,351.4752,281.4735,348.9511,329.4312,414.57742,289.04578,404.48105
287.98047,132.83134,295.2089,125.60292,283.1615,128.01239,312.07523,130.42188,275.93307,132.83134,326.53207,166.56403,271.11414,161.74507,331.35104,118.37449,247.01936,120.783966,314.4847,77.41339,239.79094,67.77549,314.4847,270.1715,278.34256,270.1715,324.12262,352.0937,283.1615,347.27475,331.35104,417.14957,287.98047,407.51166
284.45612,136.4908,291.5708,129.37611,279.71298,129.37611,308.17172,131.74768,274.96985,131.74768,324.77267,167.3211,270.22675,162.57799,327.14423,122.26143,244.13956,124.63299,305.80017,79.57331,232.28174,74.830185,317.658,269.29828,279.71298,266.92673,324.77267,349.9314,284.45612,345.18826,331.88736,416.33514,286.82767,406.84888
281.53452,140.02876,288.4169,133.14638,276.94626,133.14638,306.76993,133.14638,272.358,135.4405,325.12296,165.26418,270.06387,165.26418,322.82883,128.55812,240.24019,135.4405,297.5934,87.263794,226.47542,89.55792,318.24057,268.5,281.53452,268.5,325.12296,348.7945,283.82864,346.50037,332.00534,415.32425,288.4169,403.8536
278.1572,145.29362,285.05307,138.39778,273.55997,140.6964,301.14337,138.39778,268.96274,140.6964,319.5323,168.27979,268.96274,163.68256,321.8309,142.99501,236.78212,142.99501,296.54614,106.217155,220.69182,108.51577,319.5323,267.12027,285.05307,264.82166,326.42813,347.5718,285.05307,345.2732,331.02536,416.53027,287.35168,405.0372
274.84708,153.76015,281.607,147.00023,270.34048,147.00023,299.63345,147.00023,265.83386,147.00023,319.91318,171.78659,265.83386,169.53328,331.17972,167.27998,236.54091,153.76015,295.12683,133.48041,216.26117,128.9738,324.4198,268.67868,286.11362,268.67868,328.9264,347.54437,286.11362,343.03775,331.17972,417.39682,288.3669,406.13028
273.49725,160.24904,279.65012,152.04523,269.39536,154.09618,296.0577,145.89238,265.29346,152.04523,320.66913,172.55473,265.29346,174.6057,326.822,172.55473,234.52919,168.45284,285.80298,154.09618,207.86682,139.73952,324.77103,268.94946,287.8539,268.94946,328.87292,346.8856,287.8539,342.7837,330.9239,416.61795,287.8539,406.3632
264.0672,159.14296,269.72754,155.36942,262.18042,153.48264,286.7085,157.2562,294.2556,155.36942,322.55722,183.67104,273.50107,187.44458,318.78366,181.78426,231.99203,189.33136,267.84076,185.5578,198.03009,185.5578,328.21756,270.46268,292.36884,268.5759,331.9911,345.93365,288.59528,344.04688,331.9911,415.74432,288.59528,406.31046
269.25592,187.5399,274.81912,181.97672,265.54712,183.8311,289.6543,172.70471,259.98395,178.26791,319.32468,189.3943,261.83832,189.3943,308.19827,207.93828,232.16797,202.37509,271.11032,211.64708,198.7888,217.21027,328.59665,272.8422,293.3631,274.6966,332.30545,345.16373,289.6543,343.30933,332.30545,417.48523,287.7999,406.35886
268.64786,201.71918,273.71017,194.96942,261.8981,198.3443,285.52225,184.84479,253.46089,188.21967,315.89615,196.65686,258.52322,198.3443,302.39664,227.03078,228.1493,221.96846,270.3353,242.21773,201.15027,240.53029,332.77054,269.21677,295.64688,270.9042,332.77054,345.15152,292.272,341.77664,332.77054,421.0863,287.2097,404.2119
263.09845,213.1094,266.39597,206.51437,258.15216,206.51437,279.58603,198.27058,256.50342,201.5681,314.20993,204.86562,256.50342,208.16313,301.01987,247.73332,230.12328,237.84077,259.80093,279.05972,205.3919,264.22092,333.99503,270.81595,296.0736,270.81595,333.99503,345.01004,291.12732,340.06378,332.34628,417.55542,287.8298,404.36536
254.55284,218.73831,261.11432,213.81721,254.55284,213.81721,275.8776,203.97502,251.27211,205.61539,310.3253,215.45758,259.47394,215.45758,300.4831,266.30893,233.22809,254.82635,264.39505,302.39697,208.6226,287.63367,334.93076,271.23,298.8427,274.51074,334.93076,343.4061,292.28125,340.12537,333.2904,418.86295,287.36017,404.09964
257.92896,236.53238,259.47723,230.3392,254.83235,233.43579,285.79822,180.79381,248.63918,183.8904,312.11923,225.69432,251.73576,221.04944,301.28116,281.4329,233.15625,270.59485,273.41187,318.59195,211.48013,318.59195,333.79532,270.59485,298.18457,270.59485,333.79532,343.36465,293.5397,338.71976,332.24704,417.68274,287.34653,405.2964
257.64508,252.46135,259.0581,246.80934,253.40608,248.22234,271.7751,236.91833,250.58008,241.15733,311.33914,235.50533,251.99309,235.50533,304.27414,296.26437,235.03706,283.54736,277.4271,337.24142,219.49406,335.8284,333.94714,268.00436,297.2091,269.41736,333.94714,342.89343,292.97012,337.24142,332.53415,419.1955,287.3181,405.06546
261.28806,236.81633,262.78113,230.84398,256.8088,232.33707,276.2189,224.87164,255.3157,224.87164,313.54605,229.35089,255.3157,227.8578,306.08063,289.0743,238.89177,274.14346,286.6705,324.9084,222.46783,321.9222,332.95618,268.1711,297.1221,268.1711,334.44925,341.3323,291.14978,335.36,332.95618,417.47968,286.6705,404.04193
259.85977,214.64915,263.09357,206.56467,256.62595,208.18156,280.87943,198.48018,253.39217,198.48018,313.2174,217.88295,258.24286,213.03226,305.1329,276.0913,237.22318,255.07161,280.87943,301.96167,214.58661,297.11096,332.62018,268.0068,300.28223,269.6237,334.2371,342.38412,293.81464,337.53345,332.62018,416.76147,287.34705,403.82626
269.7459,208.95035,273.1328,203.87001,264.66556,205.56345,286.6804,193.70932,259.58524,195.40277,317.16245,205.56345,257.89178,207.2569,303.61487,254.67343,235.87695,241.12585,257.89178,293.6227,213.86214,269.91446,332.40347,271.6079,295.1476,274.9948,334.09692,344.42615,291.76074,341.03925,334.09692,415.55093,286.6804,405.39026
274.32315,196.53117,278.02582,190.97716,266.91782,192.82849,290.98517,183.57181,261.3638,185.42314,320.60657,194.67982,259.51245,194.67982,305.79587,231.70657,229.89107,222.44989,276.1745,242.81459,202.121,244.66592,329.86325,274.28732,294.68787,272.43597,333.56595,344.63812,292.83652,340.93546,331.7146,416.84027,287.2825,405.73224
272.55862,182.41731,278.32507,174.72873,268.71436,176.65088,293.7022,170.88445,262.94794,170.88445,322.53433,186.2616,262.94794,184.33945,312.9236,199.71658,232.19365,201.63873,276.40292,209.3273,199.51723,217.01587,328.30075,276.60226,291.78006,274.68015,332.14505,345.7994,291.78006,343.87726,332.14505,414.99652,287.93576,405.3858
275.21234,161.6697,275.21234,157.63841,275.21234,157.63841,273.19672,155.62277,297.38443,149.57584,323.5878,177.79485,269.16544,181.82613,236.91513,183.84178,323.5878,171.74791,204.66484,179.81049,305.44702,151.59148,327.61908,270.51443,291.3375,270.51443,333.66602,347.1089,291.3375,343.0776,333.66602,415.64078,289.32187,405.56256
277.4675,154.59328,283.59964,148.46115,271.33536,148.46115,299.952,148.46115,265.20322,148.46115,322.43646,172.98969,267.24728,170.94563,326.52457,172.98969,234.54256,168.9016,275.42346,160.72542,203.8819,154.59328,326.52457,269.05978,287.6877,267.01572,330.61264,346.73346,289.73175,342.6454,332.6567,416.231,287.6877,406.01074
278.65396,152.47606,285.0752,143.9144,274.37314,143.9144,306.4793,141.77399,274.37314,143.9144,325.74304,169.59937,270.09232,167.45895,332.16428,167.45895,240.12653,158.8973,291.49643,141.77399,214.44156,137.49316,323.60263,268.05835,287.2156,268.05835,330.02386,347.25363,287.2156,342.9728,332.16428,417.88727,287.2156,405.0448
282.77512,150.07907,287.1729,143.48238,276.17844,143.48238,304.7641,141.28348,271.78064,143.48238,324.5542,167.67026,269.58173,165.47136,333.3498,161.07356,240.99605,147.88017,280.57623,106.1011,221.20596,123.69228,322.35532,268.8196,284.97403,266.6207,328.952,347.97995,284.97403,343.58215,331.1509,418.34473,287.1729,405.15134
283.8105,145.66718,290.8187,140.99504,279.13834,138.65897,307.1712,138.65897,274.4662,140.99504,323.52368,166.69183,272.13013,162.01968,323.52368,138.65897,244.09726,140.99504,297.8269,103.61789,227.74475,110.62611,318.85156,269.47897,283.8105,267.1429,328.19583,346.56934,283.8105,344.23328,330.53192,416.6515,288.4826,404.97113
286.61453,143.48775,293.69302,138.76875,281.89554,138.76875,310.20947,138.76875,277.17654,138.76875,326.72592,167.08269,272.45755,164.7232,326.72592,126.97128,246.50313,131.69028,298.412,84.50038,232.34616,86.85988,317.28796,268.54095,279.53604,268.54095,326.72592,351.12326,284.25504,346.40427,331.44492,414.82962,286.61453,405.39163
287.68866,143.74101,294.62762,136.80203,283.06268,136.80203,310.81857,136.80203,276.1237,136.80203,327.00952,166.87094,271.4977,162.24496,329.32254,125.237076,248.36778,122.92408,310.81857,85.9162,236.80281,76.66423,315.44458,270.95563,278.43668,268.64264,327.00952,351.91037,283.06268,347.28436,331.63553,418.98715,287.68866,405.1092
286.8731,142.8778,296.31998,135.79265,282.14966,135.79265,312.85202,135.79265,277.4262,135.79265,327.02234,168.85672,272.7028,161.77156,331.7458,119.2606,251.4473,119.2606,315.21375,79.11135,244.36214,69.66447,312.85202,270.4107,277.4262,268.04898,324.6606,350.7092,282.14966,348.34747,331.7458,416.83737,286.8731,405.02878
289.9039,140.76187,296.86392,133.80185,285.26385,133.80185,313.104,136.12186,278.30383,136.12186,327.02408,168.60202,273.66382,161.64198,336.30414,117.56176,255.10371,119.881775,317.74405,73.48154,252.7837,66.5215,313.104,273.00256,275.98383,270.68253,324.70407,351.88293,282.94385,349.56293,331.6641,416.8433,287.5839,405.24323
290.29306,140.7171,298.01788,132.99228,285.1432,135.56721,313.46753,138.14215,274.8434,135.56721,328.91718,169.04144,272.26846,161.31662,336.642,117.542625,256.81882,117.542625,321.19235,68.61875,256.81882,66.043816,313.46753,274.614,277.41837,272.03906,323.76727,351.86224,282.56824,349.2873,331.4921,416.23575,287.7181,405.936
291.10184,141.88014,298.8665,134.1155,285.9254,134.1155,311.8076,136.70372,278.16077,136.70372,327.33688,167.7623,272.98434,162.58588,340.27795,113.409775,260.04327,115.99799,322.16043,64.23367,262.63147,64.23367,311.8076,273.87915,275.57254,271.29092,322.16043,351.52563,280.749,348.9374,332.5133,413.6428,285.9254,405.87814
290.10068,142.33977,297.7121,134.72836,285.0264,134.72836,312.9349,137.2655,277.415,137.2655,328.1577,167.71112,274.87787,162.63686,340.84338,114.43129,259.65506,116.96842,325.62057,61.151447,267.26645,63.688583,310.39777,274.2708,274.87787,274.2708,323.08344,352.922,282.48926,350.38486,330.69485,416.35037,287.56354,406.20184
292.30804,141.49905,300.03122,133.77591,284.5849,133.77591,312.90314,136.35028,279.43613,136.35028,328.34946,167.24292,274.28735,162.09415,343.79578,113.18081,261.4154,115.755196,328.34946,64.26746,269.13858,66.84185,310.32877,275.36716,274.28735,272.7928,323.20068,352.59875,282.0105,350.02438,330.92386,416.95844,287.15927,406.6609
290.7687,139.50725,298.693,134.2244,285.48584,134.2244,314.5416,136.86581,277.56155,136.86581,327.74875,168.563,274.9201,163.28014,343.59735,110.45151,261.71295,118.3758,327.74875,62.905735,269.63727,65.547165,309.25873,276.8617,272.2787,274.22028,319.82446,350.82178,280.20297,348.18036,330.3902,414.21613,288.1273,406.29184
290.28873,139.6322,298.17548,134.37437,285.0309,134.37437,313.94894,137.00328,277.14417,137.00328,327.0935,165.92133,274.51526,163.2924,342.86697,110.71416,261.3707,118.6009,329.7224,63.39373,269.25742,66.022644,311.32004,276.33566,271.88635,273.70673,321.8357,352.57413,279.77307,347.31628,329.7224,415.66803,285.0309,405.15237
289.9281,140.94543,297.48004,133.39348,284.89346,133.39348,312.58395,135.9108,277.3415,135.9108,327.68787,168.63593,274.8242,161.08397,342.79178,110.73761,259.72028,115.77225,327.68787,60.391254,267.27225,65.42589,310.06665,274.36328,274.8242,274.36328,322.65323,352.40012,282.37613,349.8828,330.20517,415.33307,287.41077,405.2638
290.42612,139.43149,298.00455,131.85306,282.84766,134.3792,313.1614,134.3792,275.26923,136.90535,328.31827,167.21907,272.7431,162.1668,340.949,111.6439,257.5862,116.69619,325.7921,61.12101,262.63852,66.1733,310.63525,273.31714,275.26923,273.31714,323.266,351.62762,280.32153,349.10147,330.84442,414.78122,285.3738,407.2028
288.00287,139.91174,295.46893,132.44568,283.02548,132.44568,310.4011,134.93436,273.0707,134.93436,327.82193,167.28737,273.0707,162.30998,337.7767,112.53613,255.64987,117.51352,322.84454,65.250984,260.62726,65.250984,312.8898,274.30112,275.55942,269.32373,322.84454,351.4506,280.53677,348.96188,330.31064,413.66788,285.51416,406.2018
285.9454,141.31696,293.4221,133.84029,280.96097,133.84029,308.37546,136.3325,273.48428,136.3325,325.82104,166.23923,273.48428,161.25478,333.29773,113.90247,251.05424,118.886925,313.3599,64.05794,251.05424,64.05794,315.85214,270.91275,278.46872,270.91275,323.3288,350.664,280.96097,348.17175,330.80548,415.46188,285.9454,405.49298
283.3456,143.1957,290.76904,135.77225,278.39664,135.77225,308.09042,135.77225,270.9732,138.24672,325.4118,165.46602,270.9732,162.99155,327.88626,118.450874,248.70287,120.925354,317.98834,81.33365,243.7539,68.96124,315.51385,271.86874,278.39664,269.39426,325.4118,351.05215,283.3456,348.57767,330.36075,415.38867,288.29456,405.49072
280.45013,145.48657,287.52386,138.41283,275.7343,138.41283,306.38718,136.05492,271.01846,140.77074,325.2505,166.7078,268.66055,164.34987,327.6084,121.90743,245.08142,124.26534,308.7451,86.53873,233.29185,72.39124,318.17676,270.456,280.45013,270.456,327.6084,350.62503,282.80804,348.26712,332.32422,416.64664,287.52386,404.85706
280.51892,150.34407,285.01364,141.35463,273.77682,143.60199,302.9925,136.85992,269.28214,143.60199,325.4661,166.07559,269.28214,166.07559,320.97137,127.87048,240.06645,132.3652,298.49777,94.160095,228.82967,82.9233,318.72403,269.4541,282.76627,267.20673,327.71344,350.359,285.01364,345.8643,332.20816,417.7798,287.261,404.29562
278.0112,152.75357,284.62988,146.13489,273.59875,148.34113,297.86725,141.72244,266.98007,146.13489,322.1357,168.19716,266.98007,165.99094,317.72327,139.51622,238.29913,139.51622,293.45477,106.42283,222.85556,104.216606,322.1357,267.47733,284.62988,267.47733,328.7544,349.10767,286.83612,344.69522,333.16684,415.29446,286.83612,404.26334
274.65253,161.65878,281.4157,154.8956,270.14374,154.8956,297.1964,148.13245,263.38058,152.64122,319.74033,168.42194,265.63498,168.42194,326.50348,163.91316,236.32791,152.64122,290.43326,125.58855,216.0384,125.58855,324.24908,269.86948,285.92447,269.86948,328.75787,346.5187,285.92447,344.2643,331.01227,416.4048,288.17886,405.13284
275.02786,148.39735,284.90732,142.46967,275.02786,142.46967,300.7145,144.44556,269.10016,146.42146,320.47345,174.084,265.14838,174.084,326.40115,172.10811,233.53404,164.20453,282.93143,150.37325,209.82329,138.51788,326.40115,270.9029,288.85913,270.9029,330.35294,345.98694,286.88324,342.03516,332.32883,415.14328,286.88324,405.2638
260.1501,165.81767,265.94977,160.01797,260.1501,160.01797,281.41565,156.1515,262.0833,160.01797,316.21384,179.35031,262.0833,179.35031,322.01355,179.35031,231.15158,177.41708,264.01654,169.68414,198.2866,158.08475,327.81326,276.012,291.08182,274.07877,331.67972,347.54163,289.1486,343.67517,331.67972,413.27158,287.21536,405.53864
253.60817,180.16344,253.60817,172.76804,249.91048,172.76804,264.7013,170.91917,277.64325,165.37262,318.31796,183.86113,266.55014,193.1054,314.62024,191.25655,277.64325,231.93126,268.399,193.1054,279.4921,250.41977,329.41107,274.45483,292.43405,272.606,333.10876,344.71115,290.5852,341.01346,331.25992,414.9675,288.73633,405.72324
264.5563,195.05962,268.07397,186.26547,261.03867,189.78313,278.62695,179.23015,257.521,186.26547,315.5624,195.05962,271.59164,202.09494,305.00943,216.16559,231.13853,209.13026,264.5563,214.40675,199.47958,205.61261,331.39188,272.44818,294.45645,272.44818,333.1507,346.31906,290.93878,341.04257,331.39188,416.67227,287.4211,404.36047
260.90463,209.93268,260.90463,203.61787,256.16852,205.19656,275.11298,195.72435,262.48334,194.14565,313.00183,203.61787,262.48334,205.19656,300.37222,239.92804,226.17317,227.29842,257.74722,255.71507,193.80975,251.76831,331.9463,266.766,295.6361,266.766,333.525,345.70114,290.9,339.38635,331.9463,418.3215,287.74258,405.69186
251.9902,223.63748,253.61478,217.13919,247.11649,218.76376,268.23593,210.6409,250.36563,207.39175,310.47482,213.89005,253.61478,213.89005,300.7274,262.62723,224.37247,246.3815,256.86392,291.86954,198.3793,277.24838,333.21884,270.7501,295.85367,273.99924,333.21884,343.85587,290.97995,340.60672,333.21884,418.5862,287.7308,405.58963
250.3673,238.11124,253.4129,233.54283,247.32169,235.06563,265.59534,224.406,244.27608,224.406,309.75665,224.406,247.32169,221.3604,302.14264,280.74976,229.04803,263.9989,268.64096,312.72864,201.63756,302.06903,331.07593,273.13574,296.05142,273.13574,332.59872,343.18472,293.00583,340.13913,332.59872,417.80215,286.9146,405.61972
255.04124,262.21802,255.04124,258.0607,250.88394,258.0607,266.1274,246.97455,246.72664,251.13187,310.47202,240.0457,246.72664,238.65994,303.54318,301.01956,230.0974,288.54764,282.75662,335.6638,209.31087,341.20688,332.64432,267.76108,295.22855,270.53262,334.0301,342.59262,289.6855,339.8211,332.64432,417.42416,286.91394,404.95224
258.50778,241.72557,261.4912,235.75871,252.54094,237.25043,276.40833,228.30016,249.55751,228.30016,310.7177,232.7753,249.55751,231.28358,306.24255,292.44376,233.14868,277.52664,286.8503,323.7697,213.75642,325.26144,330.10995,268.5764,294.30887,270.06808,333.09338,341.67026,291.32544,335.70343,333.09338,417.74756,286.8503,404.32217
257.92212,221.35976,262.704,216.57787,253.14024,216.57787,278.64362,210.20203,249.95232,207.0141,312.1168,222.9537,249.95232,219.7658,302.55304,275.5544,230.82478,261.20877,278.64362,307.43365,210.10329,299.46384,331.24432,269.1786,296.1772,269.1786,334.43225,340.90683,292.98926,334.53098,332.8383,417.41696,286.61343,404.66528
263.4228,205.83105,270.33688,198.91693,259.96573,200.64546,287.6222,192.0028,253.05159,195.45987,313.55014,211.01663,253.05159,209.2881,303.17896,261.144,227.12364,243.8587,265.1513,293.98608,199.46716,278.42932,330.83545,269.78665,294.53632,269.78665,334.2925,345.84198,291.07925,340.6564,332.56396,418.44025,287.6222,404.612
264.42343,184.26692,269.96988,176.87164,260.72577,176.87164,288.4581,178.72046,257.02814,178.72046,316.19043,199.0575,257.02814,199.0575,303.24866,239.73157,225.59818,226.78981,253.33049,269.3127,197.86586,250.8245,329.13217,274.85916,294.00455,274.85916,332.8298,343.26556,290.30692,341.41672,332.8298,419.06723,286.60928,406.1255
266.4996,168.0595,272.23505,160.41225,260.76416,160.41225,291.35318,162.32405,256.94052,162.32405,318.11856,189.08945,260.76416,187.17764,304.73587,215.85484,228.2633,208.2076,274.14685,227.32573,195.76248,225.41393,327.67764,269.38565,291.35318,271.29745,331.50125,347.77002,289.44135,342.03458,331.50125,416.5953,287.52954,405.12442
268.35327,154.98454,276.59955,148.79985,266.29172,148.79985,293.09204,150.8614,262.16858,152.92297,319.8924,181.78487,266.29172,181.78487,305.46143,198.27739,229.18356,192.0927,264.23016,198.27739,243.61452,185.908,326.0771,272.49368,288.96893,272.49368,332.26178,346.71,288.96893,342.58688,332.26178,414.7416,286.90735,404.4338
273.4281,144.80904,281.9134,138.44507,269.18546,138.44507,298.88397,142.68771,264.9428,142.68771,320.0972,174.50755,264.9428,174.50755,317.97586,178.7502,231.00163,178.7502,262.82147,170.26491,197.06047,168.14359,324.33984,272.0884,288.27734,272.0884,330.7038,348.45602,288.27734,344.21338,332.82513,418.4597,288.27734,405.73175
274.89084,141.08665,280.99164,132.95226,272.85724,134.98586,299.29407,139.05305,270.82364,139.05305,323.6973,169.5571,266.7564,169.5571,325.7309,173.6243,234.21878,167.5235,287.09244,151.25467,203.71474,145.15387,321.6637,269.2036,285.05884,267.17,327.7645,346.48053,287.09244,342.41333,331.8317,413.58942,287.09244,403.4214
281.01837,136.34077,287.54724,129.81192,276.6658,129.81192,307.1338,134.16449,276.6658,134.16449,320.1915,166.80875,270.13696,166.80875,333.2492,166.80875,237.49269,155.92734,289.7235,129.81192,211.37729,134.16449,320.1915,269.09412,283.19467,269.09412,328.89664,349.6166,285.37094,343.08777,331.0729,414.90515,287.54724,404.0237
283.86298,129.99188,290.6272,123.22767,279.35352,123.22767,306.41034,129.99188,277.0988,129.99188,322.1935,168.32239,270.33456,163.81291,324.44824,150.2845,238.76826,145.77502,292.88193,107.44452,218.47565,120.97294,317.68402,269.78552,281.60825,267.53076,326.70297,348.70126,283.86298,344.1918,331.21243,416.34335,288.37247,405.06967
288.2837,128.02235,295.55832,120.747734,283.43393,120.747734,310.10757,128.02235,278.5842,130.44724,324.65683,164.39548,271.30957,164.39548,324.65683,132.8721,239.7862,140.14673,302.83295,101.34873,220.38719,101.34873,317.3822,268.6651,281.00906,268.6651,327.0817,348.68597,283.43393,346.26108,331.93143,416.58246,285.85883,406.88297
289.27533,128.37651,298.8449,121.1993,284.4905,121.1993,310.80692,128.37651,279.70572,128.37651,325.16135,166.65492,272.5285,164.26253,325.16135,123.591705,241.4273,133.16132,301.23734,78.136086,227.07289,90.09809,315.59174,271.92056,279.70572,269.52817,325.16135,350.86978,282.0981,348.4774,332.33853,415.46463,286.8829,405.89502
291.35684,127.33636,299.00198,122.2396,288.80847,122.2396,314.29224,129.88474,281.16333,129.88474,327.03415,165.56203,270.96982,163.01366,329.58252,122.2396,245.48602,127.33636,316.84064,86.562294,232.74413,84.013916,314.29224,270.04556,278.61496,270.04556,324.48575,351.5937,281.16333,349.0453,332.1309,415.30313,286.26007,405.10962
294.04916,127.32709,301.466,119.910255,289.1046,122.38254,316.29965,129.79936,284.16006,129.79936,326.18878,166.88351,271.79868,161.93896,333.6056,117.43798,247.07591,122.38254,318.77194,75.40927,239.65909,70.46472,313.8274,270.71915,276.74323,268.24686,323.7165,349.832,281.6878,347.35974,331.13333,414.1112,286.63235,406.69437
295.3661,125.97286,303.04416,120.85414,290.24734,120.85414,318.40033,128.53223,285.12863,128.53223,326.0784,166.92262,272.33185,161.8039,336.31583,115.73543,249.2976,120.85414,318.40033,67.10759,244.17888,69.666954,313.2816,271.85635,277.45056,269.297,323.51904,351.1965,280.00992,348.63715,331.1971,415.1805,287.688,404.94305
296.17987,128.37105,304.05966,123.11784,290.92667,123.11784,319.81927,130.99765,285.67346,130.99765,327.69907,165.14348,272.54044,162.51688,338.20547,115.238045,251.52763,120.49124,322.4459,65.33261,251.52763,70.585815,311.93948,275.46072,275.16705,272.83414,322.4459,351.63217,280.42026,349.00558,330.32568,414.67062,288.30005,404.1642
299.4005,128.67992,304.58118,123.49925,294.21985,123.49925,320.12317,133.86058,286.44885,131.27025,327.89417,167.53488,273.4972,162.35422,340.8458,113.137924,252.77455,120.90892,322.7135,63.92164,255.36488,71.692635,312.35217,273.73843,273.4972,273.73843,322.7135,351.44836,278.67786,348.85803,330.4845,413.61633,286.44885,405.84534
297.82217,127.617386,305.3945,122.56917,292.77396,122.56917,320.53915,132.6656,285.20163,132.6656,328.11148,168.00314,272.5811,162.95493,340.73203,114.99684,254.91231,120.04506,325.58737,61.99054,257.43643,69.56287,310.44272,274.01575,275.1052,274.01575,323.06326,352.26312,280.1534,349.739,330.6356,415.36588,287.72574,405.26944
297.07025,126.478035,304.8432,123.88705,294.47925,123.88705,320.3891,134.25098,284.11533,131.66,328.16205,167.93376,273.7514,162.75179,343.70795,116.1141,253.02353,118.705086,328.16205,64.29444,260.79648,72.06739,312.61615,274.16406,273.7514,271.57306,320.3891,354.48453,278.93335,349.30255,330.75302,416.66812,286.7063,406.30417
298.56403,130.14127,303.71094,124.99437,293.41714,124.99437,319.1516,132.7147,285.6968,132.7147,326.87198,166.16954,272.82956,163.59608,342.31265,114.70058,254.81541,119.84747,326.87198,65.80506,259.9623,73.525406,311.43127,276.8278,272.82956,274.25436,321.72507,351.4578,280.5499,351.4578,332.01886,415.79398,285.6968,405.50018
297.14178,128.96915,305.0601,123.69027,291.86288,123.69027,318.25726,134.24802,286.584,131.60858,326.17557,165.92125,273.38684,163.28181,342.01218,113.13252,254.9108,121.050835,326.17557,68.262115,260.18967,68.262115,310.33896,274.13812,273.38684,271.4987,320.8967,353.3212,278.6657,348.04233,328.815,416.66766,286.584,406.10992
296.18265,127.09296,301.43,121.84562,290.9353,121.84562,317.172,132.3403,285.688,132.3403,325.04303,166.448,272.56964,161.20065,340.78503,113.97461,251.58028,121.84562,325.04303,66.74856,256.8276,69.37223,311.92468,274.01843,272.56964,271.39478,322.41934,352.72852,280.44064,350.10486,330.29034,415.6966,285.688,405.2019
293.5125,127.72145,301.2718,122.5486,288.33966,122.5486,316.79034,132.8943,283.1668,130.30788,324.54962,166.51785,272.8211,163.93143,337.48178,114.78932,249.54326,122.5486,321.9632,65.64721,249.54326,68.233635,311.6175,275.1478,272.8211,272.56137,319.37677,350.15417,280.58038,350.15417,329.7225,414.81482,285.75323,404.46912
291.30472,126.52377,298.725,121.57691,286.35788,121.57691,316.039,128.9972,281.411,131.47063,325.93274,166.09863,271.5173,163.6252,335.82645,114.15663,246.78302,121.57691,316.039,67.16148,244.30959,67.16148,311.09216,272.45605,273.99072,269.98264,320.98587,351.60577,281.411,349.13232,330.87958,415.91492,286.35788,406.02118
289.5244,127.90566,296.6972,120.732864,284.74255,120.732864,313.43375,130.29659,279.9607,130.29659,322.99747,166.16057,268.00604,161.37871,332.5612,118.341934,244.09671,123.123795,313.43375,68.13237,239.31485,70.5233,311.04282,271.36157,275.17883,268.97064,322.99747,350.2623,282.35162,347.87137,330.17026,414.81744,287.13348,405.25372
286.08978,127.69991,293.6099,122.6865,281.0764,122.6865,311.15683,130.20662,276.06296,130.20662,321.18365,165.30048,268.54285,162.79376,328.70377,125.19321,240.96912,127.69991,316.17023,90.09935,233.449,80.07254,313.66354,270.58203,278.56967,268.07532,323.69034,350.79657,281.0764,348.28986,331.21045,415.97086,286.08978,405.94403
283.232,133.56358,288.10544,126.25341,278.35852,126.25341,305.1625,128.69012,273.48508,131.12686,322.21957,167.67773,268.61163,165.24101,324.6563,126.25341,236.9342,133.56358,302.7258,87.2658,224.75058,87.2658,314.90942,270.0202,278.35852,270.0202,324.6563,350.43213,283.232,345.5587,331.9665,416.2237,285.6687,404.04007
278.8273,136.041,286.14987,128.71843,273.9456,131.15929,303.23587,133.60014,269.06387,136.041,320.32187,167.77214,266.62302,165.33128,320.32187,136.041,234.89188,138.48186,295.9133,99.42814,217.80586,101.868996,317.881,270.28815,281.26816,270.28815,325.20358,348.3956,283.709,343.5139,330.0853,414.29874,286.14987,404.5353
274.16833,143.72581,280.8559,134.80905,267.48077,137.03825,296.46024,139.26744,263.0224,139.26744,318.7521,168.2469,265.2516,168.2469,320.98132,152.64258,234.04294,150.41338,294.23105,119.204735,216.20943,123.66311,318.7521,268.5604,283.08508,268.5604,327.66888,348.81122,285.31427,344.35284,332.12726,415.6869,287.5435,404.54095
271.39642,153.4002,277.90518,144.72188,267.05725,144.72188,295.26184,144.72188,260.54852,146.89146,316.95767,172.92645,264.8877,170.75687,329.97516,170.75687,232.34395,162.07854,290.92267,138.21313,208.47853,136.04355,321.2968,270.55768,286.5835,270.55768,327.80557,346.49304,286.5835,344.3235,332.14474,418.0893,286.5835,405.07178
269.39243,156.32762,275.62436,148.01837,265.2378,150.09567,290.16556,148.01837,261.08316,152.17299,319.24792,177.10074,261.08316,172.94612,325.47986,175.02344,229.92348,172.94612,283.9336,160.48224,198.76378,148.01837,325.47986,272.65714,288.08823,270.57983,329.6345,345.3631,288.08823,343.28577,331.7118,415.99173,288.08823,405.60516
256.10992,169.78415,261.41684,164.47723,256.10992,162.70827,275.5686,157.40137,284.41345,152.09445,319.79285,182.16693,264.95477,182.16693,319.79285,185.70488,224.26848,185.70488,293.2583,171.55312,183.58218,173.32208,328.6377,274.15335,291.48932,274.15335,330.40665,344.91214,289.72037,343.1432,332.17563,419.20886,287.9514,405.0571
264.6999,187.84259,270.024,178.9691,259.3758,182.5185,284.22156,175.41971,254.05168,178.9691,317.94083,191.392,261.15048,191.392,305.51794,205.58958,227.43121,202.04018,266.47458,205.58958,193.71194,203.81488,330.3637,274.80283,293.09506,274.80283,332.13843,345.79077,289.54565,342.24136,332.13843,416.7787,287.77097,406.1305
262.22424,201.91441,267.4344,194.96753,258.7508,194.96753,283.06488,186.28394,251.80391,188.02065,314.32587,198.44098,255.27736,198.44098,302.16882,231.43867,222.27966,219.28162,265.69766,247.06915,184.07181,236.64883,331.69305,269.6465,295.22192,271.38324,331.69305,344.3255,291.74847,340.85208,333.42978,415.53107,288.27505,405.11072
258.9597,212.61333,262.30505,207.59526,253.94162,207.59526,277.35925,199.23183,252.26894,200.90451,314.1584,207.59526,255.6143,207.59526,304.12225,256.1032,222.16055,236.03096,257.287,286.2116,193.72485,261.12128,332.55795,271.1574,294.08612,274.50278,332.55795,343.08298,290.74075,341.4103,332.55795,418.35394,287.3954,404.97244
249.31467,218.0143,252.49637,211.65088,247.72382,211.65088,266.81406,203.69662,246.13297,205.28748,312.9488,219.60515,255.67809,218.0143,304.99454,273.69415,225.45187,253.01306,266.81406,308.6929,193.63481,289.6027,335.22073,268.9216,300.22195,268.9216,333.62988,345.28253,292.2677,340.50998,332.03903,418.46176,287.49515,404.1441
254.79227,242.73396,256.31815,236.63043,250.21461,238.15631,268.5252,229.001,244.11107,229.001,311.25,229.001,248.68872,225.94923,308.1982,288.5105,227.32634,268.674,283.78406,323.60583,207.48985,306.8211,331.0865,268.674,294.46527,268.674,334.13824,343.44232,291.41348,337.3388,332.61237,418.21066,286.83585,404.47772
256.39847,256.23895,260.70734,251.93005,253.52588,251.93005,275.07028,241.876,256.39847,243.31229,313.85025,241.876,250.65329,239.00342,308.10507,306.50925,239.16293,289.2737,282.25177,356.77957,231.98145,342.41663,332.52206,267.7293,296.61472,267.7293,335.39465,342.41663,292.30582,343.8529,332.52206,417.10394,287.99695,404.17728
259.6794,184.11856,265.0318,177.23694,252.79779,177.23694,282.61816,182.58931,245.91617,184.11856,314.7324,223.87904,255.09166,216.23279,304.02765,281.9905,236.74068,265.16876,278.0304,312.5755,221.44818,314.10474,333.08337,268.22726,299.43988,269.7565,333.08337,341.63123,293.3229,333.985,333.08337,418.0937,287.2059,405.85968
261.332,217.24168,267.9392,210.63449,256.37662,210.63449,282.80536,202.3755,249.76942,204.02731,315.8413,213.9381,254.72482,212.28629,300.97513,261.8402,233.25146,251.92941,256.37662,299.83154,211.77809,286.61716,330.7075,273.40277,296.01974,275.05457,334.01108,344.43005,292.71616,339.47467,332.35928,418.76093,287.76077,403.89474
263.40897,201.60374,268.69788,194.55186,259.88303,194.55186,286.32755,191.02594,254.59413,189.26297,318.06097,201.60374,258.12006,201.60374,300.4313,240.38904,231.67554,231.57419,259.88303,256.25574,210.51993,259.78168,330.40173,270.3595,295.1424,272.12247,333.92767,344.40414,291.61646,339.11523,332.1647,418.4488,288.0905,404.34503
269.79074,186.56522,273.50546,179.13577,264.21863,180.99313,292.07907,173.56369,258.64655,177.27841,321.79688,192.1373,264.21863,192.1373,303.22324,212.56828,232.6435,208.85356,271.6481,219.99774,210.35515,225.56982,329.22632,273.86124,293.93643,272.00388,332.94104,344.44098,292.07907,340.72626,332.94104,416.87808,288.36435,405.73392
270.61258,169.37036,276.5587,161.44225,266.64853,161.44225,294.3969,159.46022,260.70245,161.44225,322.1453,183.24455,268.63055,189.19064,312.23517,191.17267,278.5407,240.72336,270.61258,193.1547,280.52274,246.66943,328.0914,272.4358,292.4149,272.4358,332.05545,343.7888,290.43286,341.80676,332.05545,417.1238,288.45084,405.23163
273.62708,158.35281,279.66656,150.30014,267.58755,152.31331,295.77188,148.28699,263.56125,148.28699,321.94305,174.45815,265.5744,174.45815,325.9694,176.4713,235.3769,176.4713,275.64023,168.41864,209.20575,164.3923,325.9694,271.09012,289.7324,271.09012,332.00888,345.57724,289.7324,343.5641,332.00888,416.03806,287.71924,403.95908
280.65982,147.3677,287.05856,138.83604,276.39398,140.96896,308.38773,143.10187,276.39398,143.10187,323.31815,170.82977,269.99524,170.82977,333.98273,168.69685,238.00151,160.16519,284.92566,134.5702,218.80527,136.70312,323.31815,271.0768,287.05856,268.9439,329.7169,347.8618,287.05856,343.59595,331.8498,418.248,287.05856,405.4505
283.1129,140.66959,289.7688,131.79507,278.67566,134.0137,307.51785,134.0137,274.2384,136.23233,323.04825,169.51178,272.01978,167.29315,320.82962,149.54411,240.95895,149.54411,291.98743,109.60877,225.42854,122.920555,320.82962,269.3501,287.55017,267.13147,327.4855,349.22076,287.55017,344.7835,331.92276,415.77966,287.55017,404.68652
285.98734,134.449,293.38284,129.51866,283.5222,129.51866,308.17386,134.449,278.59186,134.449,325.43002,166.49617,273.6615,166.49617,320.49966,136.91417,244.07951,141.8445,298.31317,107.33217,229.28851,107.33217,320.49966,267.568,283.5222,267.568,327.89517,346.45334,285.98734,343.98816,330.36035,415.478,285.98734,405.61734
288.15262,132.29434,297.4986,125.28487,283.47964,127.62136,311.51755,132.29434,278.80664,132.29434,327.873,165.00522,274.13367,165.00522,325.53647,125.28487,246.09578,132.29434,302.17157,85.564514,236.74982,90.237495,318.527,267.81082,283.47964,267.81082,327.873,349.58804,283.47964,344.91504,332.54596,417.34628,288.15262,405.66382
292.48547,131.51042,300.14966,123.84623,287.376,126.400955,312.9233,128.95569,282.26654,131.51042,328.2517,164.72192,274.60236,162.16719,328.2517,126.400955,249.05504,126.400955,315.47806,88.079994,243.94557,85.52526,318.03278,269.46588,282.26654,266.91116,325.69696,348.66254,282.26654,346.10782,330.80643,415.08554,287.376,404.86664
293.75156,130.07024,301.34436,125.008385,291.22064,125.008385,316.5299,130.07024,283.62787,130.07024,329.18457,165.50323,276.03506,160.44138,331.71548,119.946526,253.25671,122.477455,321.59177,84.513535,253.25671,74.389824,316.5299,269.27127,281.09692,266.74036,324.1227,350.26096,281.09692,345.1991,331.71548,416.0651,286.15878,405.94138
295.422,131.30592,302.81293,123.91498,290.4947,123.91498,320.05847,131.30592,285.56738,131.30592,329.91306,165.797,278.17645,160.8697,337.30402,114.06039,256.0036,118.987686,322.52213,77.10566,258.46725,72.17836,317.59482,269.27023,280.6401,266.80658,324.98578,350.57065,280.6401,348.107,332.3767,414.6255,285.56738,404.7709
298.82944,132.46252,306.47345,124.81852,293.7334,124.81852,321.76147,132.46252,286.0894,132.46252,331.9535,165.5866,278.44537,160.49059,339.5975,114.6265,260.60934,119.72251,324.30948,68.76242,263.15735,66.21442,316.66547,270.05478,278.44537,270.05478,324.30948,349.0429,280.99338,346.4949,331.9535,415.29102,286.0894,405.099
300.67844,131.14072,308.26993,126.07972,295.61746,126.07972,320.92242,131.14072,290.55646,133.6712,333.5749,166.56766,280.43448,161.50667,343.69687,113.42724,262.721,118.48823,323.4529,65.34782,270.3125,65.34782,315.86142,270.318,280.43448,267.7875,323.4529,351.29385,280.43448,348.76337,331.0444,417.08676,288.02597,406.96478
300.11398,130.30708,307.71,125.24308,295.05,127.775085,322.90198,132.83908,289.986,132.83908,333.02997,165.75508,279.858,160.69107,345.68997,112.583084,262.134,117.64709,327.96597,67.007095,272.262,67.007095,315.306,272.09906,277.326,272.09906,322.90198,353.12305,282.38998,350.59103,330.498,416.42303,287.45398,406.29504
300.78473,130.95566,308.34723,125.913994,298.2639,125.913994,323.47223,133.47649,290.7014,133.47649,333.55554,168.76814,280.61807,161.20564,348.68054,113.30983,265.49307,118.3515,331.03473,65.41402,275.57642,67.934845,315.90973,274.6431,275.57642,272.12228,323.47223,352.7889,280.61807,350.2681,331.03473,418.33057,285.65973,405.7264
301.87875,133.2569,309.2814,125.854256,296.94366,128.32181,324.08667,135.72444,292.00858,133.2569,333.95685,167.80255,279.67084,162.86745,348.76215,113.516525,264.86557,118.451614,333.95685,66.63314,279.67084,64.165596,314.2165,273.90704,277.2033,271.43948,324.08667,355.3361,282.1384,350.40097,331.48932,417.02475,287.0735,404.687
302.32117,133.64471,309.778,128.67348,297.3499,128.67348,324.69177,136.13034,292.37866,136.13034,334.63428,168.44347,279.95053,163.47221,349.54803,113.75972,265.03677,118.73097,334.63428,71.504105,279.95053,69.01848,314.74927,272.8397,277.4649,270.35406,322.20615,352.3797,279.95053,349.89407,329.66302,417.00595,287.4074,404.57782
302.47534,133.02011,310.02936,127.9841,299.95734,127.9841,325.13736,135.5381,292.40335,133.02011,335.20935,168.27211,282.33136,163.23611,347.79935,115.394104,267.22336,120.4301,335.20935,72.5881,279.81335,70.0701,312.54736,274.0281,277.29535,271.51013,322.61935,352.08612,282.33136,349.5681,330.17334,417.55414,287.36734,404.96414
304.10486,131.95901,311.73047,126.875275,299.02112,126.875275,324.43985,137.04277,291.39548,134.5009,334.60733,170.08713,281.228,165.00339,349.85858,116.70778,265.97675,121.79153,334.60733,70.95405,281.228,70.95405,314.27234,274.30396,276.14426,271.7621,321.89798,353.10205,281.228,350.56018,332.06546,416.6489,286.31174,403.93954
302.35904,131.40875,312.57858,126.29898,299.80417,126.29898,325.353,136.51852,292.1395,136.51852,335.57254,169.73203,281.91998,164.62225,350.90186,116.079445,266.59067,121.18922,335.57254,72.64641,281.91998,72.64641,315.13348,271.9274,276.8102,269.37253,322.79813,353.68372,281.91998,348.57394,330.46277,417.55582,287.02975,404.7814
303.62167,131.64935,311.17368,126.61469,301.10434,126.61469,326.27768,136.68402,293.55234,134.16669,333.82965,169.40933,280.9657,164.37468,351.451,116.54536,263.34436,124.09736,333.82965,76.26804,280.9657,73.75071,313.691,275.1373,275.93103,272.61996,321.243,353.1746,280.9657,350.65726,328.79498,416.1079,286.00034,406.03857
304.0094,131.58296,311.59753,126.52419,298.95062,126.52419,326.77386,136.64174,293.89185,134.11235,334.36203,172.05316,281.2449,164.465,354.59714,118.936035,258.4804,126.52419,334.36203,80.99523,276.18613,78.46584,314.12692,275.75803,276.18613,273.22864,321.7151,354.169,281.2449,349.11026,329.30325,414.8743,286.30368,404.75674
304.6156,130.48067,311.9318,125.60321,299.73816,125.60321,326.56415,135.35812,292.42197,132.91939,333.8803,171.939,280.22833,167.06155,358.26758,123.16449,255.8411,128.04193,338.75775,86.5836,272.91217,84.144875,314.3705,276.8042,275.3509,274.36548,324.1254,354.84344,282.66708,352.40472,331.4416,418.2503,287.54453,406.05667
301.98532,129.62047,311.47235,124.87696,299.61356,124.87696,325.70288,134.36398,292.4983,131.99223,332.81818,172.3121,278.26776,167.56859,361.27924,134.36398,247.43492,134.36398,339.93344,94.04412,266.40897,91.67236,313.84412,276.6694,275.896,274.29764,323.33115,352.5656,280.63953,350.19385,330.4464,416.60306,285.38303,404.74426
303.1608,130.59923,310.20282,123.55721,298.46613,123.55721,324.28683,132.94656,291.4241,130.59923,333.6762,172.8513,277.3401,168.15663,364.1916,142.3359,242.13002,142.3359,340.7182,100.08383,258.5614,100.08383,314.8975,273.78683,277.3401,273.78683,321.9395,353.5963,282.03476,348.90164,331.32886,416.97443,286.72943,405.23773
301.70102,129.10312,310.7522,124.57753,297.17545,124.57753,324.32898,133.62871,290.38705,131.3659,331.11734,172.09619,276.8103,169.8334,369.58484,151.73105,238.3428,149.46826,346.9569,113.263565,254.18236,106.47518,313.015,273.9219,276.8103,271.65912,324.32898,353.1197,281.33588,350.8569,331.11734,416.4779,285.86148,405.16394
300.62305,128.04552,309.1706,123.77174,296.34927,123.77174,324.12875,132.31929,292.0755,130.1824,332.6763,172.92007,277.1173,170.7832,373.2771,168.64632,232.24275,162.23566,351.90826,132.31929,245.06406,119.49798,313.44434,273.35364,277.1173,271.21674,324.12875,352.41833,281.39108,350.28146,330.53943,416.52487,287.80173,405.84045
299.32852,126.904175,307.88672,122.62508,297.18896,122.62508,322.8636,129.04373,292.90985,129.04373,333.56134,169.69522,275.79343,171.83478,378.49194,191.09074,233.0024,178.25343,354.95685,144.0206,233.0024,141.88104,316.44492,272.3937,277.93298,270.25415,325.00314,351.55713,282.2121,349.4176,331.42178,415.7437,286.4912,405.04593
299.04025,126.89048,305.38843,120.54231,294.80817,120.54231,320.20084,129.00653,292.6921,129.00653,332.89716,169.21161,277.8797,171.32767,377.33435,205.18456,237.67464,188.2561,360.40588,169.21161,227.09436,162.86343,315.96872,272.89835,277.8797,270.78232,324.43295,351.19244,284.22787,346.96033,330.7811,416.7902,288.46,406.2099
297.80374,125.8956,306.1568,121.71907,295.71548,119.630806,318.6864,130.07213,289.45068,125.8956,331.216,169.74918,276.92108,171.83743,372.9813,213.60274,243.50885,196.89662,364.62823,188.54356,222.62619,178.10223,314.50986,272.07416,279.00937,269.9859,322.8629,349.34,283.18588,347.2517,331.216,418.25275,287.36243,405.72314
296.64822,125.0943,305.26083,120.788,294.4951,120.788,320.3329,129.4006,288.0356,127.24745,335.40494,170.31047,277.26987,170.31047,367.7022,217.6798,247.12575,200.45459,369.85535,200.45459,223.4411,191.84198,313.87344,269.3554,277.26987,269.3554,324.6392,349.022,283.7293,344.7157,331.09863,417.92282,288.0356,407.15707
295.38486,125.583916,303.8151,119.26124,293.2773,121.3688,318.568,127.691475,289.0622,125.583916,335.42847,171.9502,276.41684,171.9502,358.6116,218.31647,251.12614,205.67113,364.93427,222.53159,219.51277,207.77869,314.35287,271.00543,278.52438,271.00543,322.7831,348.98508,282.7395,346.87753,331.21335,416.42694,286.95462,405.88916
294.31024,124.67824,302.67743,120.494644,292.21844,120.494644,319.4118,128.86183,288.03485,126.770035,334.05438,170.69777,275.48407,170.69777,354.97235,216.71732,256.6579,210.44193,363.33954,233.45169,227.37274,220.90091,315.2282,269.01224,279.66766,269.01224,323.5954,350.59232,283.85126,346.40872,329.8708,415.43802,288.03485,404.97903
295.53094,125.33025,304.2392,120.976135,291.17685,118.79908,317.3015,127.50731,286.82272,127.50731,334.718,171.04845,273.76038,171.04845,354.3115,221.12077,258.52097,214.5896,363.0197,255.95369,230.21924,236.36017,317.3015,269.01602,280.29156,269.01602,326.00977,349.56714,284.64566,347.3901,330.36386,417.05594,286.82272,406.17062
293.73898,126.12415,302.40735,119.62289,291.5719,119.62289,317.57697,128.29124,287.23773,126.12415,332.74658,171.63303,274.2352,171.63303,350.0833,221.47609,261.23267,217.1419,360.91876,271.31912,233.06049,253.98242,317.57697,269.15204,278.56937,269.15204,324.07825,349.33435,282.90353,345.00018,330.5795,418.6812,287.23773,405.67868
293.44302,125.761,301.94653,119.38338,291.31714,119.38338,316.82767,127.88689,287.0654,125.761,331.7088,172.5303,272.18423,170.40443,346.58997,223.55136,261.55487,221.42549,359.3452,276.6983,242.42197,261.81717,316.82767,270.32068,278.5619,268.1948,325.33118,348.97812,282.81363,344.72638,331.7088,414.88034,287.0654,406.37683
294.09894,126.00604,300.5937,119.51128,289.76907,121.6762,315.74814,128.17096,287.60416,128.17096,333.06754,171.4694,272.4497,171.4694,343.89212,225.59247,261.6251,223.42754,356.88165,277.5506,252.96541,266.72598,317.91306,271.05582,278.94446,268.8909,326.57275,348.993,283.27432,346.8281,330.9026,418.27054,287.60416,405.281
291.46124,126.49459,302.48077,119.88286,289.25732,119.88286,315.70422,128.6985,284.84952,126.49459,331.1316,170.57277,269.42215,172.77669,342.15115,223.4666,265.0143,225.6705,353.1707,276.3604,258.4026,265.34085,315.70422,271.9526,276.03387,269.7487,326.7238,351.29333,282.6456,346.8855,331.1316,417.41058,287.0534,406.39105
292.43036,126.32928,301.24985,121.919525,288.0206,119.714645,314.4791,130.73903,283.61084,126.32928,332.1181,170.42677,270.3816,170.42677,343.1425,223.34378,265.97183,225.54866,351.96198,276.2608,261.5621,265.23642,314.4791,271.85104,276.99622,269.64618,325.50348,351.22656,283.61084,346.8168,332.1181,417.3728,285.8157,406.34845
290.70566,126.01779,299.48468,119.433525,288.51093,119.433525,314.84796,128.21254,284.1214,126.01779,332.406,169.91289,270.95288,172.10765,343.3798,222.587,268.75812,224.78177,349.96405,275.26114,264.36862,264.28735,317.04272,268.67685,277.53714,268.67685,325.82175,349.88278,284.1214,345.4933,332.406,415.72543,288.51093,406.9464
290.8673,126.43676,299.58963,119.89502,288.68674,119.89502,314.85367,128.61734,284.32556,126.43676,332.2983,170.04834,269.06152,172.22891,343.2012,222.38223,266.88092,224.5628,349.74292,276.8967,262.51978,263.81323,314.85367,270.35495,279.96442,270.35495,325.75656,351.03638,284.32556,346.67523,330.1177,416.45374,288.68674,405.55084
290.69806,127.34138,299.3524,120.85063,288.5345,120.85063,314.49747,127.34138,284.2073,127.34138,331.8061,170.61299,271.22583,170.61299,344.7876,222.53894,266.89868,224.70251,351.27832,276.62848,260.40793,265.81055,316.66104,270.13773,277.71658,270.13773,325.31537,350.19022,284.2073,348.02664,329.64252,419.4248,288.5345,406.44333
291.7457,127.46607,300.40906,120.96855,287.41403,120.96855,313.4041,127.46607,285.2482,127.46607,332.89667,170.78285,270.0873,170.78285,343.72586,222.763,265.75565,224.92883,352.38922,274.74313,261.42395,266.07977,315.56995,272.5773,276.58484,270.41147,326.39914,350.54752,283.08234,348.38168,330.7308,417.68854,287.41403,406.85934
292.0683,127.261215,300.79755,122.89659,287.70367,120.71429,313.89142,129.44353,283.33908,127.261215,331.34988,170.90741,270.2452,170.90741,346.62607,223.28285,263.69827,223.28285,353.17297,277.8406,261.51596,266.92905,316.07373,269.11136,276.79214,269.11136,326.98526,349.8568,283.33908,347.6745,331.34988,417.50842,287.70367,406.5969
290.8197,126.79668,299.52515,122.44396,288.64334,122.44396,314.75964,128.97304,284.29065,126.79668,332.17047,170.3238,271.23248,170.3238,347.405,224.73273,264.70343,222.55638,351.7577,276.9653,253.82164,270.43622,316.93597,270.43622,277.76157,270.43622,325.64142,348.78506,284.29065,348.78506,332.17047,418.4285,286.46698,405.37036
0.0,0.0,0.0,0.0,0.0,0.0,0.0,0.0,0.0,0.0,0.0,0.0,0.0,0.0,0.0,0.0,0.0,0.0,0.0,0.0,0.0,0.0,0.0,0.0,0.0,0.0,0.0,0.0,0.0,0.0,0.0,0.0,0.0,0.0
0.0,0.0,0.0,0.0,0.0,0.0,0.0,0.0,0.0,0.0,0.0,0.0,0.0,0.0,0.0,0.0,0.0,0.0,0.0,0.0,0.0,0.0,0.0,0.0,0.0,0.0,0.0,0.0,0.0,0.0,0.0,0.0,0.0,0.0
0.0,0.0,0.0,0.0,0.0,0.0,0.0,0.0,0.0,0.0,0.0,0.0,0.0,0.0,0.0,0.0,0.0,0.0,0.0,0.0,0.0,0.0,0.0,0.0,0.0,0.0,0.0,0.0,0.0,0.0,0.0,0.0,0.0,0.0
0.0,0.0,0.0,0.0,0.0,0.0,0.0,0.0,0.0,0.0,0.0,0.0,0.0,0.0,0.0,0.0,0.0,0.0,0.0,0.0,0.0,0.0,0.0,0.0,0.0,0.0,0.0,0.0,0.0,0.0,0.0,0.0,0.0,0.0
0.0,0.0,0.0,0.0,0.0,0.0,0.0,0.0,0.0,0.0,0.0,0.0,0.0,0.0,0.0,0.0,0.0,0.0,0.0,0.0,0.0,0.0,0.0,0.0,0.0,0.0,0.0,0.0,0.0,0.0,0.0,0.0,0.0,0.0
0.0,0.0,0.0,0.0,0.0,0.0,0.0,0.0,0.0,0.0,0.0,0.0,0.0,0.0,0.0,0.0,0.0,0.0,0.0,0.0,0.0,0.0,0.0,0.0,0.0,0.0,0.0,0.0,0.0,0.0,0.0,0.0,0.0,0.0
0.0,0.0,0.0,0.0,0.0,0.0,0.0,0.0,0.0,0.0,0.0,0.0,0.0,0.0,0.0,0.0,0.0,0.0,0.0,0.0,0.0,0.0,0.0,0.0,0.0,0.0,0.0,0.0,0.0,0.0,0.0,0.0,0.0,0.0
0.0,0.0,0.0,0.0,0.0,0.0,0.0,0.0,0.0,0.0,0.0,0.0,0.0,0.0,0.0,0.0,0.0,0.0,0.0,0.0,0.0,0.0,0.0,0.0,0.0,0.0,0.0,0.0,0.0,0.0,0.0,0.0,0.0,0.0
0.0,0.0,0.0,0.0,0.0,0.0,0.0,0.0,0.0,0.0,0.0,0.0,0.0,0.0,0.0,0.0,0.0,0.0,0.0,0.0,0.0,0.0,0.0,0.0,0.0,0.0,0.0,0.0,0.0,0.0,0.0,0.0,0.0,0.0
0.0,0.0,0.0,0.0,0.0,0.0,0.0,0.0,0.0,0.0,0.0,0.0,0.0,0.0,0.0,0.0,0.0,0.0,0.0,0.0,0.0,0.0,0.0,0.0,0.0,0.0,0.0,0.0,0.0,0.0,0.0,0.0,0.0,0.0
0.0,0.0,0.0,0.0,0.0,0.0,0.0,0.0,0.0,0.0,0.0,0.0,0.0,0.0,0.0,0.0,0.0,0.0,0.0,0.0,0.0,0.0,0.0,0.0,0.0,0.0,0.0,0.0,0.0,0.0,0.0,0.0,0.0,0.0
0.0,0.0,0.0,0.0,0.0,0.0,0.0,0.0,0.0,0.0,0.0,0.0,0.0,0.0,0.0,0.0,0.0,0.0,0.0,0.0,0.0,0.0,0.0,0.0,0.0,0.0,0.0,0.0,0.0,0.0,0.0,0.0,0.0,0.0
0.0,0.0,0.0,0.0,0.0,0.0,0.0,0.0,0.0,0.0,0.0,0.0,0.0,0.0,0.0,0.0,0.0,0.0,0.0,0.0,0.0,0.0,0.0,0.0,0.0,0.0,0.0,0.0,0.0,0.0,0.0,0.0,0.0,0.0
0.0,0.0,0.0,0.0,0.0,0.0,0.0,0.0,0.0,0.0,0.0,0.0,0.0,0.0,0.0,0.0,0.0,0.0,0.0,0.0,0.0,0.0,0.0,0.0,0.0,0.0,0.0,0.0,0.0,0.0,0.0,0.0,0.0,0.0
0.0,0.0,0.0,0.0,0.0,0.0,0.0,0.0,0.0,0.0,0.0,0.0,0.0,0.0,0.0,0.0,0.0,0.0,0.0,0.0,0.0,0.0,0.0,0.0,0.0,0.0,0.0,0.0,0.0,0.0,0.0,0.0,0.0,0.0
0.0,0.0,0.0,0.0,0.0,0.0,0.0,0.0,0.0,0.0,0.0,0.0,0.0,0.0,0.0,0.0,0.0,0.0,0.0,0.0,0.0,0.0,0.0,0.0,0.0,0.0,0.0,0.0,0.0,0.0,0.0,0.0,0.0,0.0
0.0,0.0,0.0,0.0,0.0,0.0,0.0,0.0,0.0,0.0,0.0,0.0,0.0,0.0,0.0,0.0,0.0,0.0,0.0,0.0,0.0,0.0,0.0,0.0,0.0,0.0,0.0,0.0,0.0,0.0,0.0,0.0,0.0,0.0
0.0,0.0,0.0,0.0,0.0,0.0,0.0,0.0,0.0,0.0,0.0,0.0,0.0,0.0,0.0,0.0,0.0,0.0,0.0,0.0,0.0,0.0,0.0,0.0,0.0,0.0,0.0,0.0,0.0,0.0,0.0,0.0,0.0,0.0
0.0,0.0,0.0,0.0,0.0,0.0,0.0,0.0,0.0,0.0,0.0,0.0,0.0,0.0,0.0,0.0,0.0,0.0,0.0,0.0,0.0,0.0,0.0,0.0,0.0,0.0,0.0,0.0,0.0,0.0,0.0,0.0,0.0,0.0
0.0,0.0,0.0,0.0,0.0,0.0,0.0,0.0,0.0,0.0,0.0,0.0,0.0,0.0,0.0,0.0,0.0,0.0,0.0,0.0,0.0,0.0,0.0,0.0,0.0,0.0,0.0,0.0,0.0,0.0,0.0,0.0,0.0,0.0
0.0,0.0,0.0,0.0,0.0,0.0,0.0,0.0,0.0,0.0,0.0,0.0,0.0,0.0,0.0,0.0,0.0,0.0,0.0,0.0,0.0,0.0,0.0,0.0,0.0,0.0,0.0,0.0,0.0,0.0,0.0,0.0,0.0,0.0
0.0,0.0,0.0,0.0,0.0,0.0,0.0,0.0,0.0,0.0,0.0,0.0,0.0,0.0,0.0,0.0,0.0,0.0,0.0,0.0,0.0,0.0,0.0,0.0,0.0,0.0,0.0,0.0,0.0,0.0,0.0,0.0,0.0,0.0
0.0,0.0,0.0,0.0,0.0,0.0,0.0,0.0,0.0,0.0,0.0,0.0,0.0,0.0,0.0,0.0,0.0,0.0,0.0,0.0,0.0,0.0,0.0,0.0,0.0,0.0,0.0,0.0,0.0,0.0,0.0,0.0,0.0,0.0
0.0,0.0,0.0,0.0,0.0,0.0,0.0,0.0,0.0,0.0,0.0,0.0,0.0,0.0,0.0,0.0,0.0,0.0,0.0,0.0,0.0,0.0,0.0,0.0,0.0,0.0,0.0,0.0,0.0,0.0,0.0,0.0,0.0,0.0
0.0,0.0,0.0,0.0,0.0,0.0,0.0,0.0,0.0,0.0,0.0,0.0,0.0,0.0,0.0,0.0,0.0,0.0,0.0,0.0,0.0,0.0,0.0,0.0,0.0,0.0,0.0,0.0,0.0,0.0,0.0,0.0,0.0,0.0
0.0,0.0,0.0,0.0,0.0,0.0,0.0,0.0,0.0,0.0,0.0,0.0,0.0,0.0,0.0,0.0,0.0,0.0,0.0,0.0,0.0,0.0,0.0,0.0,0.0,0.0,0.0,0.0,0.0,0.0,0.0,0.0,0.0,0.0
0.0,0.0,0.0,0.0,0.0,0.0,0.0,0.0,0.0,0.0,0.0,0.0,0.0,0.0,0.0,0.0,0.0,0.0,0.0,0.0,0.0,0.0,0.0,0.0,0.0,0.0,0.0,0.0,0.0,0.0,0.0,0.0,0.0,0.0
0.0,0.0,0.0,0.0,0.0,0.0,0.0,0.0,0.0,0.0,0.0,0.0,0.0,0.0,0.0,0.0,0.0,0.0,0.0,0.0,0.0,0.0,0.0,0.0,0.0,0.0,0.0,0.0,0.0,0.0,0.0,0.0,0.0,0.0
0.0,0.0,0.0,0.0,0.0,0.0,0.0,0.0,0.0,0.0,0.0,0.0,0.0,0.0,0.0,0.0,0.0,0.0,0.0,0.0,0.0,0.0,0.0,0.0,0.0,0.0,0.0,0.0,0.0,0.0,0.0,0.0,0.0,0.0
0.0,0.0,0.0,0.0,0.0,0.0,0.0,0.0,0.0,0.0,0.0,0.0,0.0,0.0,0.0,0.0,0.0,0.0,0.0,0.0,0.0,0.0,0.0,0.0,0.0,0.0,0.0,0.0,0.0,0.0,0.0,0.0,0.0,0.0
0.0,0.0,0.0,0.0,0.0,0.0,0.0,0.0,0.0,0.0,0.0,0.0,0.0,0.0,0.0,0.0,0.0,0.0,0.0,0.0,0.0,0.0,0.0,0.0,0.0,0.0,0.0,0.0,0.0,0.0,0.0,0.0,0.0,0.0
0.0,0.0,0.0,0.0,0.0,0.0,0.0,0.0,0.0,0.0,0.0,0.0,0.0,0.0,0.0,0.0,0.0,0.0,0.0,0.0,0.0,0.0,0.0,0.0,0.0,0.0,0.0,0.0,0.0,0.0,0.0,0.0,0.0,0.0
0.0,0.0,0.0,0.0,0.0,0.0,0.0,0.0,0.0,0.0,0.0,0.0,0.0,0.0,0.0,0.0,0.0,0.0,0.0,0.0,0.0,0.0,0.0,0.0,0.0,0.0,0.0,0.0,0.0,0.0,0.0,0.0,0.0,0.0
0.0,0.0,0.0,0.0,0.0,0.0,0.0,0.0,0.0,0.0,0.0,0.0,0.0,0.0,0.0,0.0,0.0,0.0,0.0,0.0,0.0,0.0,0.0,0.0,0.0,0.0,0.0,0.0,0.0,0.0,0.0,0.0,0.0,0.0
0.0,0.0,0.0,0.0,0.0,0.0,0.0,0.0,0.0,0.0,0.0,0.0,0.0,0.0,0.0,0.0,0.0,0.0,0.0,0.0,0.0,0.0,0.0,0.0,0.0,0.0,0.0,0.0,0.0,0.0,0.0,0.0,0.0,0.0
0.0,0.0,0.0,0.0,0.0,0.0,0.0,0.0,0.0,0.0,0.0,0.0,0.0,0.0,0.0,0.0,0.0,0.0,0.0,0.0,0.0,0.0,0.0,0.0,0.0,0.0,0.0,0.0,0.0,0.0,0.0,0.0,0.0,0.0
0.0,0.0,0.0,0.0,0.0,0.0,0.0,0.0,0.0,0.0,0.0,0.0,0.0,0.0,0.0,0.0,0.0,0.0,0.0,0.0,0.0,0.0,0.0,0.0,0.0,0.0,0.0,0.0,0.0,0.0,0.0,0.0,0.0,0.0
0.0,0.0,0.0,0.0,0.0,0.0,0.0,0.0,0.0,0.0,0.0,0.0,0.0,0.0,0.0,0.0,0.0,0.0,0.0,0.0,0.0,0.0,0.0,0.0,0.0,0.0,0.0,0.0,0.0,0.0,0.0,0.0,0.0,0.0
0.0,0.0,0.0,0.0,0.0,0.0,0.0,0.0,0.0,0.0,0.0,0.0,0.0,0.0,0.0,0.0,0.0,0.0,0.0,0.0,0.0,0.0,0.0,0.0,0.0,0.0,0.0,0.0,0.0,0.0,0.0,0.0,0.0,0.0
0.0,0.0,0.0,0.0,0.0,0.0,0.0,0.0,0.0,0.0,0.0,0.0,0.0,0.0,0.0,0.0,0.0,0.0,0.0,0.0,0.0,0.0,0.0,0.0,0.0,0.0,0.0,0.0,0.0,0.0,0.0,0.0,0.0,0.0
0.0,0.0,0.0,0.0,0.0,0.0,0.0,0.0,0.0,0.0,0.0,0.0,0.0,0.0,0.0,0.0,0.0,0.0,0.0,0.0,0.0,0.0,0.0,0.0,0.0,0.0,0.0,0.0,0.0,0.0,0.0,0.0,0.0,0.0
0.0,0.0,0.0,0.0,0.0,0.0,0.0,0.0,0.0,0.0,0.0,0.0,0.0,0.0,0.0,0.0,0.0,0.0,0.0,0.0,0.0,0.0,0.0,0.0,0.0,0.0,0.0,0.0,0.0,0.0,0.0,0.0,0.0,0.0
0.0,0.0,0.0,0.0,0.0,0.0,0.0,0.0,0.0,0.0,0.0,0.0,0.0,0.0,0.0,0.0,0.0,0.0,0.0,0.0,0.0,0.0,0.0,0.0,0.0,0.0,0.0,0.0,0.0,0.0,0.0,0.0,0.0,0.0
0.0,0.0,0.0,0.0,0.0,0.0,0.0,0.0,0.0,0.0,0.0,0.0,0.0,0.0,0.0,0.0,0.0,0.0,0.0,0.0,0.0,0.0,0.0,0.0,0.0,0.0,0.0,0.0,0.0,0.0,0.0,0.0,0.0,0.0
0.0,0.0,0.0,0.0,0.0,0.0,0.0,0.0,0.0,0.0,0.0,0.0,0.0,0.0,0.0,0.0,0.0,0.0,0.0,0.0,0.0,0.0,0.0,0.0,0.0,0.0,0.0,0.0,0.0,0.0,0.0,0.0,0.0,0.0
0.0,0.0,0.0,0.0,0.0,0.0,0.0,0.0,0.0,0.0,0.0,0.0,0.0,0.0,0.0,0.0,0.0,0.0,0.0,0.0,0.0,0.0,0.0,0.0,0.0,0.0,0.0,0.0,0.0,0.0,0.0,0.0,0.0,0.0
0.0,0.0,0.0,0.0,0.0,0.0,0.0,0.0,0.0,0.0,0.0,0.0,0.0,0.0,0.0,0.0,0.0,0.0,0.0,0.0,0.0,0.0,0.0,0.0,0.0,0.0,0.0,0.0,0.0,0.0,0.0,0.0,0.0,0.0
0.0,0.0,0.0,0.0,0.0,0.0,0.0,0.0,0.0,0.0,0.0,0.0,0.0,0.0,0.0,0.0,0.0,0.0,0.0,0.0,0.0,0.0,0.0,0.0,0.0,0.0,0.0,0.0,0.0,0.0,0.0,0.0,0.0,0.0
0.0,0.0,0.0,0.0,0.0,0.0,0.0,0.0,0.0,0.0,0.0,0.0,0.0,0.0,0.0,0.0,0.0,0.0,0.0,0.0,0.0,0.0,0.0,0.0,0.0,0.0,0.0,0.0,0.0,0.0,0.0,0.0,0.0,0.0
0.0,0.0,0.0,0.0,0.0,0.0,0.0,0.0,0.0,0.0,0.0,0.0,0.0,0.0,0.0,0.0,0.0,0.0,0.0,0.0,0.0,0.0,0.0,0.0,0.0,0.0,0.0,0.0,0.0,0.0,0.0,0.0,0.0,0.0
0.0,0.0,0.0,0.0,0.0,0.0,0.0,0.0,0.0,0.0,0.0,0.0,0.0,0.0,0.0,0.0,0.0,0.0,0.0,0.0,0.0,0.0,0.0,0.0,0.0,0.0,0.0,0.0,0.0,0.0,0.0,0.0,0.0,0.0
0.0,0.0,0.0,0.0,0.0,0.0,0.0,0.0,0.0,0.0,0.0,0.0,0.0,0.0,0.0,0.0,0.0,0.0,0.0,0.0,0.0,0.0,0.0,0.0,0.0,0.0,0.0,0.0,0.0,0.0,0.0,0.0,0.0,0.0
0.0,0.0,0.0,0.0,0.0,0.0,0.0,0.0,0.0,0.0,0.0,0.0,0.0,0.0,0.0,0.0,0.0,0.0,0.0,0.0,0.0,0.0,0.0,0.0,0.0,0.0,0.0,0.0,0.0,0.0,0.0,0.0,0.0,0.0
0.0,0.0,0.0,0.0,0.0,0.0,0.0,0.0,0.0,0.0,0.0,0.0,0.0,0.0,0.0,0.0,0.0,0.0,0.0,0.0,0.0,0.0,0.0,0.0,0.0,0.0,0.0,0.0,0.0,0.0,0.0,0.0,0.0,0.0
0.0,0.0,0.0,0.0,0.0,0.0,0.0,0.0,0.0,0.0,0.0,0.0,0.0,0.0,0.0,0.0,0.0,0.0,0.0,0.0,0.0,0.0,0.0,0.0,0.0,0.0,0.0,0.0,0.0,0.0,0.0,0.0,0.0,0.0
0.0,0.0,0.0,0.0,0.0,0.0,0.0,0.0,0.0,0.0,0.0,0.0,0.0,0.0,0.0,0.0,0.0,0.0,0.0,0.0,0.0,0.0,0.0,0.0,0.0,0.0,0.0,0.0,0.0,0.0,0.0,0.0,0.0,0.0
0.0,0.0,0.0,0.0,0.0,0.0,0.0,0.0,0.0,0.0,0.0,0.0,0.0,0.0,0.0,0.0,0.0,0.0,0.0,0.0,0.0,0.0,0.0,0.0,0.0,0.0,0.0,0.0,0.0,0.0,0.0,0.0,0.0,0.0
0.0,0.0,0.0,0.0,0.0,0.0,0.0,0.0,0.0,0.0,0.0,0.0,0.0,0.0,0.0,0.0,0.0,0.0,0.0,0.0,0.0,0.0,0.0,0.0,0.0,0.0,0.0,0.0,0.0,0.0,0.0,0.0,0.0,0.0
0.0,0.0,0.0,0.0,0.0,0.0,0.0,0.0,0.0,0.0,0.0,0.0,0.0,0.0,0.0,0.0,0.0,0.0,0.0,0.0,0.0,0.0,0.0,0.0,0.0,0.0,0.0,0.0,0.0,0.0,0.0,0.0,0.0,0.0
0.0,0.0,0.0,0.0,0.0,0.0,0.0,0.0,0.0,0.0,0.0,0.0,0.0,0.0,0.0,0.0,0.0,0.0,0.0,0.0,0.0,0.0,0.0,0.0,0.0,0.0,0.0,0.0,0.0,0.0,0.0,0.0,0.0,0.0
0.0,0.0,0.0,0.0,0.0,0.0,0.0,0.0,0.0,0.0,0.0,0.0,0.0,0.0,0.0,0.0,0.0,0.0,0.0,0.0,0.0,0.0,0.0,0.0,0.0,0.0,0.0,0.0,0.0,0.0,0.0,0.0,0.0,0.0
0.0,0.0,0.0,0.0,0.0,0.0,0.0,0.0,0.0,0.0,0.0,0.0,0.0,0.0,0.0,0.0,0.0,0.0,0.0,0.0,0.0,0.0,0.0,0.0,0.0,0.0,0.0,0.0,0.0,0.0,0.0,0.0,0.0,0.0
0.0,0.0,0.0,0.0,0.0,0.0,0.0,0.0,0.0,0.0,0.0,0.0,0.0,0.0,0.0,0.0,0.0,0.0,0.0,0.0,0.0,0.0,0.0,0.0,0.0,0.0,0.0,0.0,0.0,0.0,0.0,0.0,0.0,0.0
0.0,0.0,0.0,0.0,0.0,0.0,0.0,0.0,0.0,0.0,0.0,0.0,0.0,0.0,0.0,0.0,0.0,0.0,0.0,0.0,0.0,0.0,0.0,0.0,0.0,0.0,0.0,0.0,0.0,0.0,0.0,0.0,0.0,0.0
0.0,0.0,0.0,0.0,0.0,0.0,0.0,0.0,0.0,0.0,0.0,0.0,0.0,0.0,0.0,0.0,0.0,0.0,0.0,0.0,0.0,0.0,0.0,0.0,0.0,0.0,0.0,0.0,0.0,0.0,0.0,0.0,0.0,0.0
0.0,0.0,0.0,0.0,0.0,0.0,0.0,0.0,0.0,0.0,0.0,0.0,0.0,0.0,0.0,0.0,0.0,0.0,0.0,0.0,0.0,0.0,0.0,0.0,0.0,0.0,0.0,0.0,0.0,0.0,0.0,0.0,0.0,0.0
0.0,0.0,0.0,0.0,0.0,0.0,0.0,0.0,0.0,0.0,0.0,0.0,0.0,0.0,0.0,0.0,0.0,0.0,0.0,0.0,0.0,0.0,0.0,0.0,0.0,0.0,0.0,0.0,0.0,0.0,0.0,0.0,0.0,0.0
0.0,0.0,0.0,0.0,0.0,0.0,0.0,0.0,0.0,0.0,0.0,0.0,0.0,0.0,0.0,0.0,0.0,0.0,0.0,0.0,0.0,0.0,0.0,0.0,0.0,0.0,0.0,0.0,0.0,0.0,0.0,0.0,0.0,0.0
0.0,0.0,0.0,0.0,0.0,0.0,0.0,0.0,0.0,0.0,0.0,0.0,0.0,0.0,0.0,0.0,0.0,0.0,0.0,0.0,0.0,0.0,0.0,0.0,0.0,0.0,0.0,0.0,0.0,0.0,0.0,0.0,0.0,0.0
0.0,0.0,0.0,0.0,0.0,0.0,0.0,0.0,0.0,0.0,0.0,0.0,0.0,0.0,0.0,0.0,0.0,0.0,0.0,0.0,0.0,0.0,0.0,0.0,0.0,0.0,0.0,0.0,0.0,0.0,0.0,0.0,0.0,0.0
0.0,0.0,0.0,0.0,0.0,0.0,0.0,0.0,0.0,0.0,0.0,0.0,0.0,0.0,0.0,0.0,0.0,0.0,0.0,0.0,0.0,0.0,0.0,0.0,0.0,0.0,0.0,0.0,0.0,0.0,0.0,0.0,0.0,0.0
0.0,0.0,0.0,0.0,0.0,0.0,0.0,0.0,0.0,0.0,0.0,0.0,0.0,0.0,0.0,0.0,0.0,0.0,0.0,0.0,0.0,0.0,0.0,0.0,0.0,0.0,0.0,0.0,0.0,0.0,0.0,0.0,0.0,0.0
0.0,0.0,0.0,0.0,0.0,0.0,0.0,0.0,0.0,0.0,0.0,0.0,0.0,0.0,0.0,0.0,0.0,0.0,0.0,0.0,0.0,0.0,0.0,0.0,0.0,0.0,0.0,0.0,0.0,0.0,0.0,0.0,0.0,0.0
0.0,0.0,0.0,0.0,0.0,0.0,0.0,0.0,0.0,0.0,0.0,0.0,0.0,0.0,0.0,0.0,0.0,0.0,0.0,0.0,0.0,0.0,0.0,0.0,0.0,0.0,0.0,0.0,0.0,0.0,0.0,0.0,0.0,0.0
0.0,0.0,0.0,0.0,0.0,0.0,0.0,0.0,0.0,0.0,0.0,0.0,0.0,0.0,0.0,0.0,0.0,0.0,0.0,0.0,0.0,0.0,0.0,0.0,0.0,0.0,0.0,0.0,0.0,0.0,0.0,0.0,0.0,0.0
0.0,0.0,0.0,0.0,0.0,0.0,0.0,0.0,0.0,0.0,0.0,0.0,0.0,0.0,0.0,0.0,0.0,0.0,0.0,0.0,0.0,0.0,0.0,0.0,0.0,0.0,0.0,0.0,0.0,0.0,0.0,0.0,0.0,0.0
0.0,0.0,0.0,0.0,0.0,0.0,0.0,0.0,0.0,0.0,0.0,0.0,0.0,0.0,0.0,0.0,0.0,0.0,0.0,0.0,0.0,0.0,0.0,0.0,0.0,0.0,0.0,0.0,0.0,0.0,0.0,0.0,0.0,0.0
0.0,0.0,0.0,0.0,0.0,0.0,0.0,0.0,0.0,0.0,0.0,0.0,0.0,0.0,0.0,0.0,0.0,0.0,0.0,0.0,0.0,0.0,0.0,0.0,0.0,0.0,0.0,0.0,0.0,0.0,0.0,0.0,0.0,0.0
0.0,0.0,0.0,0.0,0.0,0.0,0.0,0.0,0.0,0.0,0.0,0.0,0.0,0.0,0.0,0.0,0.0,0.0,0.0,0.0,0.0,0.0,0.0,0.0,0.0,0.0,0.0,0.0,0.0,0.0,0.0,0.0,0.0,0.0
0.0,0.0,0.0,0.0,0.0,0.0,0.0,0.0,0.0,0.0,0.0,0.0,0.0,0.0,0.0,0.0,0.0,0.0,0.0,0.0,0.0,0.0,0.0,0.0,0.0,0.0,0.0,0.0,0.0,0.0,0.0,0.0,0.0,0.0
